id,cn_name,en_name,logo_url,country,city,ranking,description,created_at,updated_at,qs_rank_2025,qs_rank_2024,region,is_verified,tags
1,麻省理工学院,Massachusetts Institute of Technology (MIT),https://www.mit.edu/sites/default/files/images/MIT-logo-with-spelling-design-element.jpg,美国,剑桥,1,"麻省理工学院(MIT)是世界顶尖的理工科大学，成立于1861年，位于美国马萨诸塞州剑桥市。MIT在工程、计算机科学、人工智能、物理学和经济学等领域处于全球领先地位。学校拥有约11000名学生和1000多名教授，其中有众多诺贝尔奖得主。MIT的校训是""求实求真""（Mens et Manus，意为""思想与双手""），强调理论与实践相结合。学校拥有先进的研究设施，如媒体实验室、林肯实验室和计算机科学与人工智能实验室。MIT与工业界有着密切的合作关系，是硅谷创新精神和创业文化的重要源头之一。",2025-04-08 10:36:16.496593,2025-04-08 10:36:16.496593,1,1,美洲,FALSE,高级研究|工程学|计算机科学|创新创业|诺贝尔奖|人工智能|美国大学协会
2,帝国理工学院,Imperial College London,https://www.imperial.ac.uk/media/imperial-college/visit-imperial/public/imperial-logo.jpg,英国,伦敦,2,"帝国理工学院成立于1907年，是英国伦敦的一所世界顶尖公立研究型大学，专注于科学、工程、医学和商业领域。学院拥有约20000名学生，来自140多个国家。帝国理工在医学、工程和自然科学研究方面享有盛誉，与工业界和医疗健康部门保持紧密合作。学院的教学和研究设施先进，包括世界一流的机器人研究中心和数据科学研究所。位于伦敦南肯辛顿的主校区毗邻海德公园，周围环绕着许多文化机构，如科学博物馆和自然历史博物馆。帝国理工是英国""G5超级精英大学""和欧洲研究型大学联盟的成员，也是英国获得研究经费最多的大学之一。",2025-04-08 10:36:16.496593,2025-04-08 10:36:16.496593,2,6,欧洲,FALSE,G5超级精英英大学|医学研究|工程|创新科技|国际化|金三角名校|伦敦高校
3,牛津大学,University of Oxford,https://www.ox.ac.uk/sites/files/oxford/styles/ow_large_feature/s3/field/field_image_main/OxfordUniversityLogo.png,英国,牛津,3,"牛津大学创建于1096年，是英语世界中历史最悠久的大学，也是世界上最古老的持续运作的大学之一。牛津采用独特的学院联邦制度，拥有39个独立自治的学院和6个永久私人宿舍。大学共有约24000名学生，其中国际学生占近40%。牛津在人文学科、社会科学、医学、法律和科学研究等多个领域处于世界领先地位。大学拥有100多个图书馆，其中博德利图书馆是英国第二大图书馆。牛津与剑桥一起被誉为""Oxbridge""，代表英国高等教育的最高水平。牛津大学出了28位英国首相，55位诺贝尔奖得主和数十位世界各国领导人，其校友网络在全球极具影响力。罗德奖学金是其最著名的国际奖学金项目之一。",2025-04-08 10:36:16.496593,2025-04-08 10:36:16.496593,3,3,欧洲,FALSE,罗素大学集团|金三角名校|G5超级精英英大学|人文学科|历史悠久|诺贝尔奖|全球大学校长论坛
4,哈佛大学,Harvard University,https://trademark.harvard.edu/sites/default/files/harvard_shield_wreath.png,美国,剑桥,4,哈佛大学成立于1636年，是美国历史最悠久的高等学府，位于马萨诸塞州剑桥市。作为全球最富有的私立大学之一，哈佛的捐赠基金超过500亿美元。学校共有约23000名学生，分布在哈佛学院(本科)和13个研究生院。哈佛在法学、医学、商业、教育和政治学等领域尤为突出，其商学院和法学院长期位居美国顶尖。哈佛图书馆系统是世界上最大的学术图书馆网络之一，拥有超过2000万册藏书。学校有160多位诺贝尔奖获得者与之相关联，包括教师、校友和研究人员。哈佛的校友网络在全球政治、商业和学术界极具影响力，包括8位美国总统和众多外国政府领导人。每年的录取率不到5%，是世界上最具选择性的大学之一。,2025-04-08 10:36:16.496593,2025-04-08 10:36:16.496593,4,4,美洲,FALSE,常春藤盟校|高级研究|医学|法学|商学|诺贝尔奖|美国大学协会|爱国者联盟
5,剑桥大学,University of Cambridge,https://www.cam.ac.uk/sites/www.cam.ac.uk/files/inner-images/logo.jpg,英国,剑桥,5,"剑桥大学成立于1209年，是英国第二古老的大学，由31个自治学院组成的学院联邦体系。大学拥有约23000名学生，其中国际学生约占三分之一。剑桥在数学、物理、医学和计算机科学等多个学科领域居世界前列。学校的科研成就卓著，与之相关的有120位诺贝尔奖获得者，在所有大学中排名第二。剑桥大学图书馆收藏超过800万册书籍和手稿。剑桥坐落在风景如画的小城市，以其历史悠久的建筑和康河划船而闻名。学校实行导师制教学，每位学生都有一名专门的导师提供个性化指导。剑桥与牛津并称为""Oxbridge""，代表英国学术的最高水平，其毕业生在全球就业市场上极具竞争力。",2025-04-08 10:36:16.496593,2025-04-08 10:36:16.496593,5,2,欧洲,FALSE,罗素大学集团|金三角名校|G5超级精英英大学|科学研究|诺贝尔奖|历史悠久|全球大学校长论坛
6,斯坦福大学,Stanford University,https://identity.stanford.edu/wp-content/uploads/sites/3/2020/07/block-s-2color.png,美国,斯坦福,6,斯坦福大学创建于1885年，位于加利福尼亚州帕罗奥图市附近的斯坦福，占地8180英亩，是美国校园面积第六大的大学。学校共有约17000名学生，设有七个学术学院。斯坦福以其工程学院、商学院和法学院而闻名，在计算机科学、人工智能、创业和商业领域处于全球领先地位。学校与硅谷有着密切的联系，许多科技巨头如谷歌、惠普和雅虎都由斯坦福校友创立。斯坦福的科研经费超过10亿美元，是美国研究资金最多的大学之一。学校的体育传统也十分强大，在NCAA比赛中赢得过超过120个全国冠军。斯坦福的录取竞争异常激烈，近年来的录取率低于5%，是全美最具选择性的大学之一。,2025-04-08 10:36:16.496593,2025-04-08 10:36:16.496593,6,5,美洲,FALSE,创新创业|工程学|计算机科学|商学院|硅谷|体育强校|美国大学协会|太平洋十二校联盟
7,苏黎世联邦理工学院,ETH Zurich - Swiss Federal Institute of Technology,https://ethz.ch/en/public/site-navigation/eth-zurich-logo/_jcr_content/par/twocolumn_1398488056/col2/image.imagespooler.png/1583937367466/eth_logo_kurz_neg.png,瑞士,苏黎世,7,苏黎世联邦理工学院(ETH Zurich)成立于1855年，是瑞士最负盛名的公立研究型大学，也是欧洲大陆顶尖的理工科大学。学院有约23000名学生，其中国际学生占比超过40%。ETH以其卓越的科学、技术、工程和数学(STEM)教育闻名，尤其在量子物理、机器人技术和可持续发展研究方面居世界前列。学院拥有21位诺贝尔奖获得者，包括阿尔伯特·爱因斯坦。ETH采用德语和英语教学，本科课程主要使用德语，而研究生课程则主要使用英语。校园分布在苏黎世市中心和郊区，拥有现代化的研究设施和实验室。ETH与瑞士和国际工业界有着密切的合作关系，为学生提供丰富的实习和就业机会。学校的录取相对开放，但学业要求极为严格，第一年通常有较高的淘汰率。,2025-04-08 10:36:16.496593,2025-04-08 10:36:16.496593,7,7,欧洲,FALSE,理工科研|工程学|量子物理|可持续发展|阿尔伯特·爱因斯坦|创新科技|欧洲研究型大学联盟
8,新加坡国立大学,National University of Singapore (NUS),https://nus.edu.sg/images/default-source/base/logo.png,新加坡,新加坡,8,新加坡国立大学成立于1905年，是新加坡规模最大、历史最悠久的高等教育机构，也是亚洲顶尖的综合性研究型大学。NUS约有40000名学生，分布在17个学院和专业学校。学校提供多学科教育和研究机会，在工程、生物医学、社会科学和计算机科学等领域表现卓越。NUS采用全球化教育模式，与全球200多所顶尖大学建立了学生交换计划，并与杜克大学和耶鲁大学共同开设联合学位项目。学校实行模块化学分制度，为学生提供灵活的学习路径。NUS的多个校区分布在新加坡岛上，主校区位于肯特岗，拥有现代化的设施和热带花园环境。作为一所位于亚洲核心地区的全球性大学，NUS特别注重亚洲研究和跨文化理解，同时保持与欧美学术传统的紧密联系。,2025-04-08 10:36:16.496593,2025-04-08 10:36:16.496593,8,8,亚洲,FALSE,亚洲顶尖|国际化|跨学科研究|创新教育|生物医学|计算机科学|环太平洋大学联盟
9,伦敦大学学院,UCL,https://www.ucl.ac.uk/wp-content/uploads/2019/04/UCL_logo_defined-1.png,英国,伦敦,9,伦敦大学学院(UCL)成立于1826年，是伦敦大学联盟的创始成员之一，也是英国第一所向所有人不分种族、阶级或宗教开放的大学。UCL有超过43000名学生，是英国最大的大学之一，其中国际学生占比超过40%，来自150多个国家。学院在艺术与人文科学、医学、科学、社会科学和工程学等领域均处于世界领先地位。UCL有29位诺贝尔奖获得者与之相关联，科研影响力在英国大学中名列前茅。学院的主校区位于伦敦市中心的布卢姆斯伯里区，邻近大英博物馆和多个研究机构，还在伦敦其他地区设有多个校区。UCL特别强调全球视野和跨学科研究，拥有多个专注于全球挑战的研究中心，如能源研究所和可持续城市研究所。,2025-04-08 10:36:16.496593,2025-04-08 10:36:16.496593,9,9,欧洲,FALSE,罗素大学集团|G5超级精英英大学|医学研究|伦敦高校|跨学科研究|国际化|诺贝尔奖
10,加州理工学院,California Institute of Technology (Caltech),https://www.caltech.edu/sites/default/files/styles/image_component/public/caltech-lockup-horizontal-rgb.png,美国,帕萨迪纳,10,加州理工学院成立于1891年，位于加利福尼亚州帕萨迪纳市，是一所规模相对较小但极为精英的私立研究型大学，专注于科学和工程领域。Caltech只有约2400名学生，师生比例低于3:1，提供极为个性化的教育体验。学校在物理学、天文学、化学和地球科学等领域享有盛誉，与之相关的有39位诺贝尔奖获得者。Caltech管理着美国国家航空航天局(NASA)的喷气推进实验室(JPL)，是深空探索任务的主要中心。学校校园占地124英亩，设施先进，拥有多个尖端研究中心。Caltech的录取极其竞争激烈，录取率低于7%，是世界上最具选择性的大学之一。学校的学术氛围以严谨和挑战性著称，本科生必须完成核心课程，包括数学、物理、化学、生物和人文学科。,2025-04-08 10:36:16.496593,2025-04-08 10:36:16.496593,10,15,美洲,FALSE,小而精|物理研究|天文学|NASA合作|诺贝尔奖|工程学|美国大学协会
11,宾夕法尼亚大学,University of Pennsylvania,https://identity.upenn.edu/wp-content/uploads/2021/07/PennLogo-Primary-RGB-1.png,美国,费城,11,"宾夕法尼亚大学(宾大)成立于1740年，是美国古老的常春藤盟校之一，由本杰明·富兰克林创建。宾大位于宾夕法尼亚州费城，拥有约26000名学生。学校由12个学院组成，提供超过100个本科和研究生专业。宾大的沃顿商学院成立于1881年，是全球最古老、最负盛名的商学院之一。学校在医学、法律、工程和社会政策等领域同样表现卓越。宾大采用跨学科教育模式，学生可以轻松地跨院系选课和获得联合学位。学校的校园占地299英亩，融合了历史建筑和现代设施。宾大以其创新研究闻名，每年获得超过10亿美元的研究资金。学校有36位诺贝尔奖获得者与之相关联，在校友中包括众多商业领袖、政治家和科学家。宾大特别重视""知识为行动服务""的理念，强调学术研究应用于解决实际问题。",2025-04-08 10:36:16.496593,2025-04-08 10:36:16.496593,11,12,美洲,FALSE,常春藤盟校|沃顿商学院|医学研究|跨学科教育|创新研究|本杰明·富兰克林|美国大学协会
12,加州大学伯克利分校,"University of California, Berkeley (UCB)",https://brand.berkeley.edu/wp-content/uploads/2021/07/UC-Berkeley-Seal-Blue.png,美国,伯克利,12,加州大学伯克利分校成立于1868年，是加州大学系统中最古老的分校，位于旧金山湾区的伯克利市。作为一所公立研究型大学，伯克利有约42000名学生，分布在14个学院。学校以其卓越的研究和教学质量闻名，在计算机科学、工程、化学、物理学、经济学和社会学等多个领域居世界前列。伯克利与之相关的有107位诺贝尔奖获得者，19位图灵奖获得者和14位普利策奖获得者。学校因其学生活动主义传统而著名，在20世纪60年代的言论自由运动中扮演了关键角色。伯克利校园占地1232英亩，俯瞰旧金山湾，以其钟楼(萨瑟塔)和新古典主义建筑而闻名。作为一所公立大学，伯克利致力于维持高质量的教育同时保持相对可负担的学费，特别是对加州居民。学校的招生竞争非常激烈，本科生录取率约为15%。,2025-04-08 10:36:16.496593,2025-04-08 10:36:16.496593,12,10,美洲,FALSE,公立常青藤|计算机科学|诺贝尔奖|创新研究|学生活动主义|工程学|环太平洋大学联盟|美国大学协会
13,墨尔本大学,The University of Melbourne,https://www.unimelb.edu.au/__data/assets/image/0010/68407/unimelb-logo.png,澳大利亚,墨尔本,13,"墨尔本大学成立于1853年，是澳大利亚历史第二悠久的大学，也是维多利亚州的第一所大学。学校有约52000名学生，其中国际学生占比约40%，来自130多个国家。墨尔本大学采用""墨尔本模式""教育体系，提供广泛的本科学位后再进入专业研究生学习，类似于美国的教育模式。学校在生物医学、工程、人文科学和社会科学等领域表现卓越。墨尔本大学的主校区位于墨尔本市中心北部的帕克维尔区，校园融合了19世纪的砂岩建筑和现代化设施。学校与多个研究机构和医院有紧密合作，研究资金在澳大利亚大学中名列前茅。墨尔本大学在澳大利亚本地就业市场享有崇高声誉，其毕业生就业率和起薪水平均位居全国前列。学校还是澳大利亚八校联盟(Group of Eight)成员，代表澳大利亚顶尖研究型大学。",2025-04-08 10:36:16.496593,2025-04-08 10:36:16.496593,13,14,大洋洲,FALSE,澳大利亚八校联盟|生物医学|墨尔本模式|国际化|研究密集型|环太平洋大学联盟|全球大学校长论坛
14,北京大学,Peking University,https://www.pku.edu.cn/images/logo_header.png,中国大陆,北京,14,"北京大学创建于1898年，原名京师大学堂，是中国近代第一所国立综合性大学，也是中国最具声望的高等教育机构之一。北大位于北京市海淀区，有约50000名学生。学校在人文学科、社会科学、自然科学和医学等领域均有卓越表现。北大的校园被称为""燕园""，占地面积约3000亩，以其传统中国园林风格的建筑和未名湖、博雅塔等标志性景观而闻名。学校图书馆藏书超过1",2025-04-08 10:36:16.496593,2025-04-08 10:36:16.496593,14,17,亚洲,FALSE,中国985工程|中国211工程|双一流高校|C9联盟|人文社科|科学研究|中国大学联盟
15,南洋理工大学,"Nanyang Technological University, Singapore (NTU)",https://www.ntu.edu.sg/images/default-source/corp-id-guidelines/ntu_logo_horizontal_rgb.png,新加坡,新加坡,15,"南洋理工大学创建于1991年，由前南洋大学和新加坡理工学院合并而成，是一所年轻但发展迅速的综合性研究型大学。NTU有约33000名学生，校园位于新加坡西部的裕廊区，占地约200公顷，是新加坡最大的大学校园。学校以其工程学院、商学院和计算机科学与信息系统专业而闻名，近年来在纳米材料、生物医学工程和可再生能源等研究领域取得了显著成就。NTU的校园建筑具有现代化和可持续发展特色，其标志性建筑""学习中心""(The Hive)因其独特的蜂巢设计而享誉全球。学校采用跨学科教育模式，与产业界有紧密合作，提供丰富的实习和就业机会。NTU特别强调全球视野，与世界各地的顶尖大学建立了双学位项目和研究合作。作为一所年轻大学，NTU在国际大学排名中的快速崛起令人瞩目，现已成为亚洲乃至全球顶尖高校之一。",2025-04-08 10:36:16.496593,2025-04-08 10:36:16.496593,15,26,亚洲,FALSE,亚洲顶尖|工程学|计算机科学|纳米材料|可持续发展|新加坡高校|环太平洋大学联盟
16,康奈尔大学,Cornell University,https://brand.cornell.edu/assets/images/downloads/logos/cornell-university-logo-simple.png,美国,伊萨卡,16,"康奈尔大学成立于1865年，是美国常春藤盟校中最年轻的一所，也是纽约州唯一的常春藤盟校。学校位于纽约州的伊萨卡市，校园占地约2300英亩，俯瞰卡尤加湖(Cayuga Lake)，以其自然美景和峡谷而闻名。康奈尔有约24000名学生，分布在17个学院和学校。作为一所私立研究型大学，康奈尔同时也是纽约州的联邦土地授予大学，这一独特身份使其既有私立大学的学术卓越性，又承担着服务公众的使命。学校在农业科学、工程、酒店管理、兽医学和建筑学等领域处于世界领先地位。康奈尔的学术环境以其严谨和合作精神著称，校训""任何人可以在这里学习任何学科""(I would found an institution where any person can find instruction in any study)体现了学校的包容性教育理念。康奈尔与众多研究机构有合作关系，包括在纽约市的威尔康奈尔医学院和在卡塔尔多哈的卡塔尔康奈尔分校。学校有59位诺贝尔奖获得者与之相关联，是美国高等教育和科研的重要力量。",2025-04-08 10:36:16.496593,2025-04-08 10:36:16.496593,16,13,美洲,FALSE,常春藤盟校|土地授予大学|农业科学|工程学|酒店管理|兽医学|美国大学协会
17,香港大学,The University of Hong Kong,https://www.hku.hk/assets/img/logo.svg,中国香港特别行政区,香港,17,香港大学(港大)成立于1911年，是香港历史最悠久的高等教育机构，也是亚洲最国际化的大学之一。学校有约30000名学生，其中约40%为国际学生，来自100多个国家。港大采用英式教育体系和英语教学，同时融合中西文化特色。学校在医学、牙医学、建筑学、法律和教育等领域表现卓越，特别是在医学研究方面享有盛誉，曾在2003年SARS疫情期间做出重要贡献。港大的主校区位于香港岛西部的薄扶林道，校园融合了殖民时期的历史建筑和现代化设施。学校强调国际视野和跨文化理解，有超过360个交换生项目和丰富的国际化机会。作为一所研究型大学，港大特别注重创新研究和知识转移，与业界有紧密合作。香港大学的毕业生在亚洲就业市场极具竞争力，其医学院、法学院和商学院的毕业生尤为抢手。学校还是环太平洋大学联盟(APRU)和亚洲大学联盟(AsiaUninet)的成员。,2025-04-08 10:36:16.496593,2025-04-08 10:36:16.496593,17,26,亚洲,FALSE,亚洲顶尖|国际化|医学研究