id,cn_name,en_name,ranking,tags,description,url
81,普林斯顿大学,Princeton University,1,常春藤联盟|美国大学协会|全球大学校长论坛,普林斯顿大学成立于1746年，是世界著名的私立研究型大学，也是与哈佛大学、耶鲁大学齐名的美国三大学府之一和常春藤盟校成员。普林斯顿大学以精英式的本科教育与高深卓越的理论研究闻名于世，是富可敌国的学术机构。从2001年到2024年，普林斯顿一直被美国新闻与世界报导排在全美大学排名第一位。普林斯顿大学的校友、教授及研究人员中，已产生了74位诺贝尔奖得主（世界第十）、16名菲尔兹奖得主（世界第三）、16名图灵奖得主（世界第四）。,https://www.compassedu.hk/univ_81_12
85,麻省理工学院,Massachusetts Institute of Technology,2,爱国者联盟|美国大学协会|全球大学校长论坛,麻省理工学院（MIT），成立于1861年，位于美国剑桥市，是美国培养高级科技人才和管理人才的研究型私立大学，是以理工科为主的综合性世界一流大学。有“世界理工大学之最”的美名。学校采用了欧洲理工大学的模式办学，该校的自然及工程科学在世界上享有极佳的盛誉，其工程系曾连续七届获得美国工科研究生课程冠军，其中以电子工程专业名气最响，紧跟其后的是机械工程。麻省理工学院的校友、教授及研究人员涵盖97位诺贝尔奖得主、26位图灵奖得主。,https://www.compassedu.hk/univ_85_12
80,哈佛大学,Harvard University,3,常春藤联盟|全球大学高研院联盟,"哈佛大学建立于1636年，是一所本部坐落于美国马萨诸塞州剑桥市的私立研究型大学，其因历史、学术影响力、财富等因素而获评为世上最享负盛名的学府之一。该校属于常春藤盟校，全球大学校长论坛、全球大学高研院联盟成员。哈佛大学的校友和教职人员中有160多名诺贝尔奖获得者、8位美国总统。哈佛拥有全美最古老的图书馆系统，这同时也是全球最具规模的私立及大学图书馆系统，馆藏量逾1, 600万册。",https://www.compassedu.hk/univ_80_12
86,斯坦福大学,Stanford University,4,新常春藤|美国大学协会|全球大学高研院联盟,斯坦福大学，一所坐落于美国加利福尼亚州斯坦福的私立研究型大学，临近硅谷，是美洲大学协会的12个创始会员之一，因其学术声誉和创业氛围而获评为世界上最知名的高等学府之一，是全球大学校长论坛成员、全球大学高研院联盟成员。斯坦福培养了不少著名人士，其校友在世界各地创办了众多著名的公司机构，如：谷歌、雅虎、惠普、耐克、英伟达、艺电等等。,https://www.compassedu.hk/univ_86_12
82,耶鲁大学,Yale University,5,常春藤联盟|美国大学协会|全球大学校长论坛,耶鲁大学是一所坐落于美国康涅狄格州纽希文市的私立研究型大学，是美洲大学协会的14个创始校成员之一，常春藤联盟成员、全球大学校长论坛成员、美国教育理事会成员、国际研究型大学联盟成员。该校成立于1701年，是全美第三古老的高等学府。耶鲁大学图书馆拥有1500万册藏书，在美国大学图书馆系统中排名第2。耶鲁大学校友、教授及研究人员中，共产生了65位诺贝尔奖得主、5位菲尔兹奖得主、3位图灵奖得主、5位美国总统。,https://www.compassedu.hk/univ_82_12
84,加州理工学院,California Institute of Technology,6,美国大学协会|环太平洋大学联盟|全球大学校长论坛,加州理工学院，是1891年创立的一所私立研究型大学，是世界最顶尖的理工类科学研究型学府之一。加州理工学院是全球大学校长论坛成员，入选英国政府“高潜力人才签证计划”。全校学生仅2000人左右，300名教授，以及600多名研究学者，但校友、教职工和研究人员中却有74人75次获得诺贝尔奖。加州理工学院以自然科学及工程学著称，常被评为世界前十的大学之一，并与麻省理工学院、伦敦帝国理工学院、苏黎世联邦理工学院并称世界四大理工学院。,https://www.compassedu.hk/univ_84_12
89,杜克大学,Duke University,6,大西洋海岸联盟|美国大学协会|全球大学高研院联盟,杜克大学是一所位于美国北卡罗来纳州达勒姆的私立研究型大学。该校每年在研究上的花费超过10亿美元，使其成为美国十大研究型大学之一。杜克大学图书馆藏书量列全美大学第3，仅次于哈佛和耶鲁。杜克大学是一所国际性的大学，学生来自美国各地和全世界九十多个国家。该校医学院、法学院、商学院、工程学院都很优秀，多个专业都排名前列。杜克大学为全球大学高研院联盟和美国大学协会成员。,https://www.compassedu.hk/univ_89_12
91,西北大学（美国）,Northwestern University(United States),6,美国大学协会|十大联盟,西北大学（简称：NU）是美国的一所著名私立研究型大学，属于十大联盟创始成员和美国大学协会成员。西北大学虽不是常青藤联盟的成员，但比起在美国东部地区同等级的学校来说更专注于教学的实用性和职业导向性。该校于1851年创立，目标是建立一所为西北领地地区服务的大学。西北大学在《美国新闻与世界报道》《泰晤士报高等教育》《世界大学学术排名》等主要教育刊物常年评为全美前十名、世界前三十名，是美国历史悠久的知名学府。,https://www.compassedu.hk/univ_91_12
92,约翰霍普金斯大学,Johns Hopkins University,6,美国大学协会|十大联盟,约翰斯·霍普金斯大学（简称JHU）是一所创立于1876年的私立综合研究型大学，是世界上第一所研究型大学，也是全美大学联盟（AAU）创始校之一。JHU采用德国古老的海德堡大学研究所的概念，美国国家科学基金会曾连续31年将该校列为全美科研经费开支最高的大学。该校在医学、公共卫生、生物学、统计学、历史学与国际关系等相关学术领域闻名世界，医学院与哈佛医学院齐名，同时其也是哈勃空间望远镜和詹姆斯·韦伯空间望远镜的地面控制中心所在地。,https://www.compassedu.hk/univ_92_12
88,宾夕法尼亚大学,University of Pennsylvania,10,常春藤联盟|美国大学协会|全球大学校长论坛,宾夕法尼亚大学，简称宾大，是一所位于费城的世界著名私立研究型大学。宾大是享誉国际的常春藤盟校、美洲大学协会的12所创始校、全球大学校长论坛成员之一。该校创建于1740年，是美国第五古老的高等教育机构，也是美国第一所从事科学技术和人文教育的现代高等学校。宾夕法尼亚大学在商学、工程、医学、建筑、法学、艺术、人文、社会科学和教育学等诸多学科中处于世界领先地位。同时，学校每年的建设投入达到4亿美元以上，在常春藤盟校中名列前茅。,https://www.compassedu.hk/univ_88_12
87,芝加哥大学,University of Chicago,11,美国大学协会|全球大学校长论坛,芝加哥大学，简称芝大，是世界顶级的私立研究型大学，美洲大学协会12个创始会员之一，常年位列各大学排行榜前十。芝加哥大学于1890年由石油大王创办，自建校起，芝大便以宏观教育理念与微观实验精神奠定了其在美国教育史上的重要地位。该校对于学术研究的贡献也使其拥有极高的声誉，世界上很少有一所大学像芝大那样在各个学科领域均创立了赫赫有名的“芝加哥学派”，如芝加哥经济学派，芝加哥社会学派等等。芝大素以盛产诺贝尔奖得主而闻名，约40%的诺贝尔经济学奖得主与芝大相关。,https://www.compassedu.hk/univ_87_12
95,康奈尔大学,Cornell University,11,常春藤联盟|美国大学协会|国际大学气候联盟,康奈尔大学，主校区位于美国纽约州伊萨卡市，是一所私立大学，美国大学协会成员之一，为常春藤联盟成员校、国际大学气候联盟成员校、美国公立与赠地大学协会成员校。自学校成立之初，其创始人就期待将康大办成一所全科型的新式大学，教授内容从文学名著至自然科学，自理论研究扩及实际应用，无所不包。该校在世界范围内享有极高的学术声誉，学校共有61位校友或教职工荣获诺贝尔奖。因其包容性，该校还被誉为“美国历史上第一所真正意义上的全民大学”。,https://www.compassedu.hk/univ_95_12
83,哥伦比亚大学,Columbia University,13,常春藤联盟|美国大学协会|全球大学校长论坛,哥伦比亚大学，简称“哥大”，位于美国纽约曼哈顿上城区，是一所顶尖私立研究型大学、美国大学协会十四所创始院校之一，也是常春藤盟校之一，是全球大学校长论坛成员，入选英国政府“高潜力人才签证计划”。哥伦比亚大学是纽约州最古老的高等教育学府，也是美国第五古老的高等教育机构。哥大研究生院以卓越的学术成就而闻名，学校的教育学、医学、法学、商学和新闻学院都名列前茅。,https://www.compassedu.hk/univ_83_12
94,布朗大学,Brown University,13,常春藤联盟|美国大学协会|大学研究协会,布朗大学，位于美国普罗维登斯市，是美国八所著名常春藤盟校之一，也是美国最早建立的高校之一，属于美国大学协会成员。布朗大学不论是在学术上还是在非学术方面，特别强调和崇尚自由，是常春藤盟校中最有性格、最会创新、最为开放也极受学生欢迎的大学。该校拥有全美顶级的传统人文社科，尤其是应用数学、公共政策和全球研究、环境科学、古典文学、公共卫生等专业。学校有6位诺贝尔奖得主、24位普利策奖得主。,https://www.compassedu.hk/univ_94_12
90,达特茅斯学院,Dartmouth College,15,常春藤联盟,达特茅斯学院，是位于汉诺威镇的一所私立大学，是常春藤联盟成员。该校是建校早于美国建国的九所殖民地学院之一，也是美国大学协会、美国教育理事会、昴宿星大学联盟成员。该校校区坐落在康涅狄格河河谷之中，数百年来培育了许多知名校友。达特茅斯学院除拥有文学艺术类的本科课程外，还拥有医学院、工程学院、商学院以及18个自然科学和人文社科方面的研究生项目，然而鉴于传统的影响，并为了突出该校对于本科教育的极度重视，达特茅斯一直以“学院”名世。,https://www.compassedu.hk/univ_90_12
104,加州大学洛杉矶分校,University of California, Los Angeles,15,公立常春藤|帕克十二联盟|美国大学协会|环太平洋大学联盟,加州大学洛杉矶分校，简称UCLA，是一所公立综合性研究型大学，创办于1919年，是加州大学系统中的第三所大学，提供包括学士、硕士与博士在内331种不同的学位课程。该校坐落于洛杉矶西部，日落大道的南部，是洛杉矶地区最精华的地段，最安全及时尚的区域。UCLA是美国享誉盛名的高等学府，多位教授曾获诺贝尔奖、古根汉研究院会员、美国国家科学学院院士等。该校是环太平洋大学联盟和国际公立大学论坛成员，被誉为“公立常春藤”。,https://www.compassedu.hk/univ_104_12
100,加州大学伯克利分校,University of California, Berkeley,17,公立常春藤|美国大学协会,加利大学伯克利分校，位于旧金山东湾伯克利市，是美国最负盛名且最顶尖的一所公立研究型大学，被誉为“公立常春藤”，是美国大学协会成员、全球大学校长论坛成员，入选英国政府“高潜力人才签证计划”。该校创建于1868年，是加州大学十个分校中历史最悠久的一所。加州大学伯克利分校在世界范围内拥有崇高的学术声誉，拥有丰富的教学资源，研究水平坚厚，与斯坦福大学、麻省理工学院等一同被誉为美国工程科技界的学术领袖。,https://www.compassedu.hk/univ_100_12
96,莱斯大学,Rice University,18,新常春藤|美国大学协会,莱斯大学（简称Rice），1891年创建于美国休斯敦市，是美国南方学府，一所私立研究型大学，属于“新常春藤”、美国大学协会成员。莱斯大学多年来以高水平的教学态度、低廉的学费，小班规模的教学吸引了不少家庭经济条件不是很好的学子前来求学。莱斯大学有着优秀的应用科学、工程学和计算机科学研究生项目，其在材料科学、纳米科学、人工心脏研究、以及太空科学、能源经济等领域占有世界领先的地位。,https://www.compassedu.hk/univ_96_12
97,范德堡大学,Vanderbilt University,18,新常春藤|美国大学协会,范德堡大学（简称VU）创立于1873年，是一所位于田纳西州的私立研究型大学。该校是闻名全美的名牌大学，也是美国南方的少数的顶级名校之一，属于“新常春藤”之一。范德堡大学的最大特色是CPLE，学生不论修读任何学系，均须修读人文学科、基本科学、历史及外文，以符合人文教育的宗旨。范德堡大学学科齐全，设施完备，建有医学中心、自然科学研究中心、美术馆、天文观测台、公共政策研究所、生物实验站等科研机构。,https://www.compassedu.hk/univ_97_12
98,圣母大学,University of Notre Dame,18,新常春藤|十大联盟非正式成员,圣母大学，简称ND，是一所私立天主教、研究型大学，位于美国印地安纳州，是公认全美排名前二十名的高等学府。圣母大学于1842年创立，文理兼顾，属于“新常春藤”名校之一。ND拥有全美最大的校友网络，校友会在世界范围内都相当活跃。学校十分注重对学生价值观的培养，其方式之一就是鼓励学生关心社会和服务社会。迄今为止，圣母大学已产出2位诺贝尔奖得主，20名被誉为“全球本科诺贝尔奖”的罗德学者，25名美国人文与科学院院士。,https://www.compassedu.hk/univ_98_12
93,圣路易斯华盛顿大学,Washington University in St. Louis,21,新常春藤|美国大学协会|大学研究协会,圣路易斯华盛顿大学，简称“WashU”，是一个地处美国中心地带的私立大学。WashU为美国大学协会、大学研究协会、橡树岭大学联盟和美国独立学院与大学协会的成员。在学术排名中，圣路易斯华盛顿大学长年一直在《美国新闻与世界报导》美国国内大学排名中位于全美前20。该校是前10名获得美国本土联邦研究支持的大学，迄今已产生26名与诺贝尔奖相关的教授和学者。,https://www.compassedu.hk/univ_93_12
102,卡内基梅隆大学,Carnegie Mellon University,21,美国大学协会|新常春藤|全球大学校长论坛,卡内基梅隆大学（缩写为CMU）是一所位于美国宾夕法尼亚州匹兹堡的研究型私立大学。学校面积不大，学科门类不多，但在其所设立的几乎所有专业都居于世界领先水平。该校拥有享誉全国的认知心理学、管理和公共关系学、写作和修辞学、应用历史学、哲学和生物科学专业，设置了世界顶尖的机器人学和戏剧学项目，是全世界建立最早的计算机学院之一。卡内基梅隆大学的软件工程专业被喻为皇冠上的明珠，遥遥领先于其它名校。该校是“新常春藤”、全球大学校长论坛成员。,https://www.compassedu.hk/univ_102_12
107,密歇根大学安娜堡分校,University of Michigan, Ann Arbor,21,公立常春藤|十大联盟,密西根大学安娜堡分校，创建于1817年，校本部位于美国密西根州安娜堡市，是一所公立研究型大学，被誉为公立常春藤，入选英国政府“高潜力人才签证计划”。密西根大学是美国历史最为悠久的研究型大学之一，是美国中西部十大联盟之一。该校设有19个学院，各学院的学术水平排名领先群雄，其中商业管理学院、建筑设计学院、牙医学院、法学院、公共卫生学院及社会工作学院均列美国高校同类学院的前5位。,https://www.compassedu.hk/univ_107_12
99,埃默里大学,Emory University,24,新常春藤|美国大学协会|美国独立学院与大学协会,埃默里大学，创校于1836年，位于美国亚特兰大，是一所私立研究型大学，是佐治亚州第二老的私立高校。埃默里大学商学院和公共卫生学院在美国素有盛誉，该校是参加国家过敏症和传染病研究所肺结核研究项目的四所研究单位之一，国家级公共卫生机构国际联盟的总部位在埃默里大学；其商学院本科课程在著名杂志BusinessWeek里排名全美第3。该校建筑采用大理石建成，曾参与承办1996年亚特兰大奥运会，拥有一个国家自然保护区。,https://www.compassedu.hk/univ_99_12
101,乔治城大学,Georgetown University,24,爱国者联盟|全球大学校长论坛,乔治城大学，位于美国首都华盛顿特区，是一所著名的私立研究型大学，建于1789年，是美国最古老的天主教大学和耶稣会大学。乔治城大学是美国首都声誉最高的大学，属于全球大学校长论坛成员、爱国者联盟附属成员。乔治城大学有“政客乐园”之称，其法学院建于国会山，距离最高法院仅数步之遥。乔治城大学有超过450名毕业生担任或曾任美国国会议员，培养了2位美国总统。乔治城大学较优秀的学科包括美国研究、历史、外交事务、政府和神学等，其国际关系研究被学界评为美国最佳之一。,https://www.compassedu.hk/univ_101_12
105,弗吉尼亚大学,University of Virginia,24,公立常春藤|新常春藤|美国大学协会,弗吉尼亚大学（简称UVA）是由美国第三任总统创建的一所公立研究型大学，其校区曾是北美唯一名列联合国教育科学文化组织《世界遗产名单》的高等院校校区。在美国历史上，弗吉尼亚大学以其首创建筑、天文和哲学等学术领域而著称，同时也是第一所将教育独立于教会的高校。学校成立至今一直保持中等偏小的规模，拥有大批的杰出学者和学科，该校师生比较高，教学上坚持采用小班化精品路线。弗吉尼亚大学是美国最顶尖的公立大学之一，是“公立常春藤”和25所“新常春藤”成员。,https://www.compassedu.hk/univ_105_12
103,南加州大学,University of Southern California,27,帕克十二联盟|美国大学协会|环太平洋大学联盟,南加利福尼亚大学（USC），简称“南加大”。该校位于美国加州洛杉矶市，1880年创立，是加州最古老的私立研究型大学。南加州大学是一所科研教学水平一流、校园文化生活丰富的世界著名私立大学，拥有庞大的校友网络“特洛伊家族”，其中十亿美元以上富翁人数居全美高校第四。南加州大学的课程水平极受肯定，其中商学院、电影、传播、建筑、医学及理工学院等科系在美国大学中相当知名。南加大距离好莱坞十分近，拥有全球最顶尖的电影艺术学院。该校是美国大学协会、环太平洋大学联盟成员之一。,https://www.compassedu.hk/univ_103_12
138,北卡罗来纳大学教堂山分校,University of North Carolina at Chapel Hill,27,公立常春藤|新常春藤|大西洋海岸联盟,北卡罗来纳大学教堂山分校创建于1789年，是一所男女同校的公立研究型大学。该大学是北卡罗来纳大学系统最古老的教育机构，是被列入公立常春藤的最初的几所大学之一，且是北卡罗来纳州大学系统的旗舰机构。该校是一所综合性的大学，拥有理学、工学、商学、医学、法学、哲学、文学等各大学科的学位授予权，是北卡罗来纳大学系统中，门类最全、科目最多、实力最强的一所。该校教师和校友包括9位诺贝尔奖得主、23位普利策奖得主和51位罗德学者。,https://www.compassedu.hk/univ_138_12
145,加州大学圣地亚哥分校,University of California, San Diego,29,环太平洋大学联盟|国际公立大学论坛|美国大学协会|高潜力人才签证计划,加州大学圣地亚哥分校（UCSD），是一所公立研究型大学，属环太平洋大学联盟、国际公立大学论坛和美国大学协会成员，入选英国政府“高潜力人才签证计划”。UCSD是北美一个重要的研究中心，以其活跃创新的学术风气吸引着来自世界各地的学生、学者及研究人员，迅速成长为世界顶尖学府。该校设有8个本科通识学院、5个学术型研究学院和5个专业型研究学院，同时管理19个研究中心，共有专业140多个，其中神经科学、海洋学、生物工程、生理学、药剂学、戏剧和舞蹈、遗传学、地质科学、细胞和发育生物学、生物化学等硕士学业被列为美国质量最高之一。,https://www.compassedu.hk/univ_145_12
142,纽约大学,New York University,30,美国大学协会|高潜力人才签证计划,纽约大学，简称“NYU”，成立于1831年，是一所著名私立研究型大学，为美国大学协会成员及新常春藤之一。主校区位于曼哈顿格林威治村附近，以华盛顿广场为中心，是全美境内规模最大的私立非营利高等教育机构。NYU偏重人文艺术及社会科学，研究生院享有很高的声誉，属下的帝势艺术学院是全美最佳的美术学院之一；斯特恩商学院是蜚声世界的著名商学院；柯朗数学科学研究所是美国排名第一的应用数学研究机构。该校校友、教授及研究人员共有38名诺贝尔奖得主、8名图灵奖得主。根据福布斯发布的全球富豪榜，该校校友是世上最富有群体之一。,https://www.compassedu.hk/univ_142_12
156,德克萨斯大学奥斯汀分校,University of Texas at Austin,30,公立常春藤|美国大学协会,德克萨斯大学奥斯汀分校（UT-Austin），成立于1883年，是一所著名公立研究型大学，属于德克萨斯大学系统的旗舰大学，亦为最初的八所公立常春藤学校之一。奥斯汀得州大学是美国联邦主要的学术研究中心，每年的研究经费高达6亿美元。教职员中亦不乏有诺贝尔奖、普利策奖及美国国家科学奖得主。该校以其自然科学学院，工程学院、商学院以及教育学院闻名于世，共有49个专业位居全美前十，名列全美公立大学前三。2024年，该校在全美USNews中排名第32位，在全球大学中排名第43位。,https://www.compassedu.hk/univ_156_12
168,佛罗里达大学,University of Florida,30,公立常春藤|美国大学协会,undefined,https://www.compassedu.hk/univ_168_12
144,佐治亚理工学院,Georgia Institute of Technology,33,公立常春藤|大西洋海岸联盟|新工科教育国际联盟,undefined,https://www.compassedu.hk/univ_144_12
148,加州大学戴维斯分校,University of California, Davis,33,公立常春藤|美国大学协会|环太平洋大学联盟|国际公立大学论坛,加州大学戴维斯分校，简称UCD，创立于1905年，位于美国加利福尼亚州戴维斯市，隶属于加利福尼亚大学系统，是一所美国公立研究型大学，被誉为公立常春藤。该校下设10个学院，以农林、工程、管理、经济、法律、健康、社会、人文及艺术等科系著称，更是世界兽医、环境、语言、农业和经济可持续发展的研究和教育中心。该校是美国大学协会、环太平洋大学联盟、国际公立大学论坛成员。该校采用Quarter制，即一年3学期，每学期11周。,https://www.compassedu.hk/univ_148_12
154,加州大学欧文分校,University of California, Irvine,33,公立常青藤|美国大学协会|国际公立大学论坛,加州大学欧文分校（UCI），是一所世界级的研究型大学，也是加州大学系统中十大分校之一，被誉为“公立常青藤”，名列美国大学协会成员。该校有16个教学单位，开设学士、硕士和博士学位课程224个，拥有法律、商学、工程学、医药学、化学、生命科学、物理学、数学、计算机科学等优秀的研究生专业。学校有生物身体组织博物馆、Zeiss电子透射显微镜、扫描探针显微镜、扫描隧道显微镜、原子炉、飞秒超快激光等设备。截至2024年3月，该校培养出7位诺贝尔奖得主、7位普利策奖得主，成为美国重要的研究型高等学府。,https://www.compassedu.hk/univ_154_12
155,伊利诺伊大学香槟分校,University of Illinois at Urbana-Champaign,33,公立常春藤|十大联盟|美国大学协会|国际大学气候联盟,伊利诺伊大学香槟分校（UIUC），建于1867年，是一所著名的公立研究型大学，为美国十大联盟创始院校之一，亦为美国大学协会成员，被誉为公立常春藤。截至2024年5月，该校设有15个学院和教学单位，拥有32个图书馆藏，有150多所实验室、研究中心，是美国规模最为庞大的公立研究型大学之一。该校在工程领域素负盛名，其工程学院在全世界获得许多赞誉。该校校友创办或合作创办了特斯拉、甲骨文、Youtube、Paypal、AMD等世界知名公司和IT产品，以及JavaScript、Swift等编程语言。,https://www.compassedu.hk/univ_155_12
108,塔夫茨大学,Tufts University,37,新常春藤|美国大学协会,塔夫茨大学位于美国马萨诸塞州，是一所美国著名大学，也是25所“新常春藤”成员、美国大学协会成员之一。塔夫茨大学拥有美国最古老和最富盛名的国际关系研究生院之一：弗莱彻法律与外交学院。著名的生物医学研究中心塔夫茨医学中心是该校医学院的主要教学医院。另外，塔夫茨大学更有在营养学上名声在外的弗里德曼营养科学与政策学院。塔夫茨大学毕业的校友中，财富100强的CEO数量名列全美第二。,https://www.compassedu.hk/univ_108_12
238,波士顿学院,Boston College,37,大西洋海岸联盟|新常春藤,波士顿学院（BC），成立于1863年，是一所私立研究型大学，也是一所天主教大学。波士顿学院历史悠久，其古老的校园内拥有北美洲最早的哥特式建筑，并被列入历史遗迹受到保护。该校素有“耶稣会常春藤”之称，也是“新常春藤”之一。波士顿学院的校名虽称作“学院”，但事实上是全美一级国家级大学的成员之一。该校现设有9个学院，共设有50个学科，热门专业包括：传播学、金融、英语及文学、政治学及政府学以及历史学。波士顿学院被福布斯2024年评选为10所受雇主青睐的私立“新常春藤”大学之一。,https://www.compassedu.hk/univ_238_12
150,加州大学圣塔芭芭拉分校,University of California, Santa Barbara,39,公立常春藤|环太平洋大学联盟|国际公立大学论坛|美国大学理事会,undefined,https://www.compassedu.hk/univ_150_12
152,威斯康星大学麦迪逊分校,University of Wisconsin-Madison,39,公立常春藤|十大联盟|美国大学协会,威斯康星大学麦迪逊分校，成立于1848年，是世界高等教育史上具有划时代意义的“威斯康星思想”的发源地。该校是美国最著名的公立大学之一，属于威斯康星大学系统的旗舰分校，也是世界著名的研究性大学。在Gourman关于大学部教育的报告中，它列于加州柏克莱大学和密歇根大学之后，排在公立大学的第三位。该校是北美顶尖大学学术联盟“美国大学协会”的创始会员之一，被誉为“公立常春藤”大学。威斯康星大学麦迪逊分校现设有20个学院，研究生院授予文学硕士、理学硕士等10个硕士学位，听力学博士、音乐艺术博士等5个博士学位。,https://www.compassedu.hk/univ_152_12
139,波士顿大学,Boston University,41,美国大学协会,undefined,https://www.compassedu.hk/univ_139_12
163,俄亥俄州立大学,Ohio State University,41,美国大学协会|大十联盟,俄亥俄州立大学，简称OSU，是一所位于俄亥俄州首府哥伦布市的公立研究型赠地大学。该校创建立于1870年，是最早加入美国大学协会以及十大联盟成员，被誉为公立常春藤。该校开设的专业几乎涵盖所有学术领域，尤以经济学、商学，工程学，物理学等学科于世界名列前茅，其商学院是AACSB在1916年的最初16所创始成员之一。该校主校区占地面积65平方千米，是全美面积最大的校园之一，在美国占地排名第三。,https://www.compassedu.hk/univ_163_12
143,罗切斯特大学,University of Rochester,44,新常春藤|美国大学协会|世界大学联盟,罗切斯特大学，位于美国纽约州罗切斯特市，成立于1850年，是美国一所综合性私立研究型大学，是新常春藤，美国大学协会和世界大学联盟成员。截至2024年4月，该校有7个教学单位，开设学士、硕士和博士学位课程200多个，其中伊斯曼音乐学院长年被U.S.News评为美国顶尖音乐学院，光学研究所是美国三大光学中心之一。除此之外，素有“医学预科天堂”之称的罗彻斯特大学在理科以及金融经济学方面也造诣颇深，其中物理学、生物医学工程、经济学、护理、临床心理学、电脑、化学、生物、公共卫生和光学等专业素享盛誉。,https://www.compassedu.hk/univ_143_12
165,马里兰大学帕克分校,University of Maryland, College Park,44,公立常春藤|大十联盟|大西洋海岸联盟|Universitas 21,马里兰大学帕克分校（UMD或Maryland）是一所在美国排名前列，并在全世界范围内拥有一定知名度的公立研究性大学。大学创建于1856年，是马里兰大学系统的旗舰分校，同时也是马里兰州以及华盛顿都会区最大的大学，被认为是公立常春藤院校之一，是美国大学协会、Universitas21、美国知名体育联盟十大联盟、华盛顿都会区大学联合会的成员校。作为马里兰州高等教育的典范和办学规模最大的学校，马里兰大学坚持以科研为特色，下设13个学院，授予本科、硕士、博士学位和各种技术职称。,https://www.compassedu.hk/univ_165_12
106,维克森林大学,Wake Forest University,46,大西洋海岸联盟,维克森林大学，建于1834年，坐落于美国北卡罗来纳州，是一所综合研究型大学，因小班制教学体制而闻名。该校是美国南方一所能与“常春藤”盟校比肩的精英学府，多年以来在全美大学排名中稳居前三十。维克森林大学设有数十个学科专业，涉及领域较广，主要有医学、解剖学、人类学、生物、生物计算机、数学、微生物学、分子遗传学、植物学、经济学、化学、工商行政管理学、教育学、免疫学、物理学、哲学、病毒学等。,https://www.compassedu.hk/univ_106_12
147,里海大学,Lehigh University,46,爱国者联盟,里海大学（Lehigh University），创校于1865年，是美国一所历史悠久的私立研究型院校，属于爱国者联盟成员。里海大学是全美顶级的研究型学府之一，设有工程与应用科学学院、艺术与科学学院、商学院和教育学院四个主要学院。该校以工科为重点，其工程学在全国素享盛誉，学校不但配有先进的硬件设施，而且汇集了许多知名学者，极大地增强了工科的科研实力。该校先后有680名教授及校友被授予诺贝尔奖、普利策奖、富布赖特奖学金，以及获得美国艺术与科学院院士和美国国家科学院院士等殊荣。,https://www.compassedu.hk/univ_147_12
151,华盛顿大学,University of Washington,46,公立常春藤|帕克十二联盟|环太平洋大学联盟|国际大学气候联盟,华盛顿大学（UW），是一所位于西雅图的研究型州立大学。该校创建于1861年，是美国西岸设立最早的大学之一，也是美国西北部最大的大学，被誉为公立常春藤。该校是美洲大学协会、环太平洋大学联盟成员之一，并被美国国家科学基金会分类为“授予博士学位的大学-极高学术产出”的大学。华盛顿大学拥有世界最顶尖的教师队伍，在该州的六所公立大学中，作为旗舰的华盛顿大学于医学、工程、科学均有大量建树，其学术成就和社会声望获取了广泛认可。截至2024年5月，华盛顿大学设有西雅图、博塞尔和塔科马共三个校区，设有16个学院。,https://www.compassedu.hk/univ_151_12
174,佐治亚大学,University of Georgia,46,公立常春藤,"佐治亚大学（UGA）创立于1785年，坐落于美国佐治亚州雅典市，是美国最早建立的公立大学和佐治亚州大学系统旗舰级大学，也是该州规模最大的高等院校，被誉为美国南方三所公立常春藤大学之一。佐治亚大学开设79种学位项目，每年招收26,000多名本科生和9,000多名研究生。该校传播学院与公共行政学院为全美最顶尖的五所学校之一，并为美国电视花生人奖的主办大学。",https://www.compassedu.hk/univ_174_12
146,凯斯西储大学,Case Western Reserve University,51,美国大学协会,凯斯西储大学，简称CWRU，位于俄亥俄州，是美国私立研究型大学，也是美国大学协会早期的成员之一，是俄亥俄州评价最高的大学，在美国备受推崇。该校规模相对较小，但在各领域的研究成果毫不逊色，其以研究为导向的学风与杰出的研究成果使该校一直是获得联邦研究基金最多的20所私立大学之一。该校共有八所学院，提供100多个本科生课程和大约160个研究生和专业课程选择。在学术方面，该校被卡内基教学促进基金会归类为最高的第一级研究型大学。凯斯西储大学有17位诺贝尔奖得主，美国历史上第一位本土诺贝尔奖获得者就出自该校（1907年物理学奖）。,https://www.compassedu.hk/univ_146_12
166,德州农工大学,Texas A&M University,51,美国大学协会|东南联盟|国际大学气候联盟,得州农工大学（缩写为A&M或TAMU），创于1876年，位于美国得克萨斯州科利奇站，是美国得克萨斯州第一所公立大学、全美第六大公立高校、全美十大工程名校和研究型大学，属于美国大学协会、东南联盟和国际大学气候联盟成员。作为一所传统理工科强校，TAMU在工程领域享有盛誉，并在2024年U.S.News全美工程学院排名中位列前十。同时，TAMU也是美国六所高级军事院校之一，接受NASA（美国航空航天局）及美国国防部资助。,https://www.compassedu.hk/univ_166_12
182,弗吉尼亚理工大学,Virginia Polytechnic Institute and State University (Virginia Tech),51,大西洋海岸联盟,弗吉尼亚理工大学，创建于1872年，是一所著名公立研究型大学，主校区位于弗吉尼亚州的黑堡，另于该州其他地区、瑞士、多米尼加等地设有研究中心，是六所提供预备役军官训练团项目的美国高等军事院校之一。该校是一所以工科见长的公立研究型大学，在工程领域享有极高声誉，设有农学和生命科学学院、建筑和城市研究学院、艺术和社会科学学院、商学院、工程学院、自然资源学院、文理学院、兽医学院等8个学院以及研究生院，包括近百个科系。该校师资力量雄厚，有20位教授被选为美国科学院院士或美国工程院院士。,https://www.compassedu.hk/univ_182_12
170,东北大学（美国）,Northeastern University(United States),54,私立研究型大学,东北大学（NEU），建于1898年，位于波士顿，是一所著名的私立研究型大学，属于卡内基高等教育机构分类中的R1级别。该校由8个学院组成，设有175个本科专业和227个研究生专业，在计算机科学、工程学、实践性学习、以及跨学科研究等方面都处于世界领先地位。2014至2024年间，东北大学连续十年在计算机科学学术排名中位列全美第12名，世界第16名。东北大学是全球经验教育的领军者，在普林斯顿评论发布的最佳实习大学和最佳就业服务排名中，东北大学连续多年保持全美第1，在2024年U.S.News校企合作/实习排名中，该校同样位列美国第1。,https://www.compassedu.hk/univ_170_12
178,明尼苏达大学双城分校,University of Minnesota-Twin Cities,54,公立常春藤|21世纪学术联盟|十大联盟,明尼苏达大学双城分校是明尼苏达大学系统历史最悠久、规模最大的分校，是美国最著名的公立研究型大学之一，为世界一流的学术研究机构，获得2024USNews最佳公立大学第23名，被誉为公立常春藤大学，是美国高校十大联盟、国际21世纪学术联盟成员之一，具有优秀的教育和服务社会的传统。该校包括明尼阿波利斯校区和圣保罗校区，风景秀丽，建筑风格各异，是美国大学中传统的十大美丽校园之一。该校共有161个学士专业、218个硕士专业、114个博士专业，可授予5个专业学位。其理工学院一直在全美排在前20位，化工更是位列三甲。,https://www.compassedu.hk/univ_178_12
209,佛罗里达州立大学,Florida State University,54,大西洋海岸联盟,佛罗里达州立大学（FSU）成立于1851年，是美国一所公立研究型大学，其主校区位于佛罗里达州的首府塔拉哈西市，是佛罗里达州最早创立的高等教育机构，也是佛罗里达州立大学系统的早期成员学校。该校由16个独立学院和110多个系所、研究中心和实验室所组成，提供超过360个学位和专业学位课程，被卡内基教学促进基金会归类为最高的第一级研究型大学。该校拥有国际一流的教学师资，教授中有6位诺贝尔奖得主及9名美国国家科学院院士。,https://www.compassedu.hk/univ_209_12
204,马萨诸塞大学阿默斯特分校,University of Massachusetts Amherst,58,麻省五校联盟|世界大学联盟,马萨诸塞大学阿默斯特分校（UMass），成立于1863年，是一所公立研究型大学，也是马萨诸塞州公立大学系统中的旗舰学校和最大和最老的学校。作为一所实力雄厚的大学，马萨诸塞大学阿默斯特分校被列为卡内基教学促进基金会最高研究活动的研究型大学，同时也是美国文理学院四大联盟之一的麻省五校联盟中的成员。该校在多个学科领域都享有极高的学术声誉，其高分子专业排名全美第1，食品科学专业排名全美第1（世界第2），景观设计全美第2，语言学专排名全美第6，性别学排名第11，人类学排名第31。,https://www.compassedu.hk/univ_204_12
220,纽约州立大学石溪分校,Stony Brook University—SUNY,58,公立常春藤|美国大学协会,纽约州立大学石溪分校（SUNYSB），成立于1957年，坐落在美国纽约州长岛东部苏福克县的石溪，是纽约州最年轻的一所大学，被诸多公开出版物列于纽约州最顶尖的公立大学之一。该校是全美权威的美国大学协会62个成员之一，排名位列美国前40名公立研究型大学，同时也是全球前1%的大学，享有公立常春藤的美誉。石溪大学拥有许多一流学者，其教学品质和研究成果享誉国际，该校的教员和校友包括：7名诺贝尔奖得主、2名阿贝尔奖得主、至少5名在世亿万富翁。著名核物理学家、诺贝尔物理奖获得者杨振宁在该校执教37年。,https://www.compassedu.hk/univ_220_12
295,维拉诺瓦大学,Villanova University,58,私立大学|综合类大学,维拉诺瓦大学，是位于美国宾夕法尼亚州费城西北郊的一所私立大学。该校成立于1842年，是宾夕法尼亚州历史最悠久，规模最大的天主教大学。凭借其完美的地理位置、优秀的人文教育底蕴以及出类拔萃的本科教育，该校享誉美国。该校的四个学院中，其工程学院连续多年在U.S.News发布的排名中位列美国top10。该校商学院更是每年向华尔街输送大量的精英人才，甚至在经济危机的大背景下，依旧可以保持极高的就业率。,https://www.compassedu.hk/univ_295_12
408,加州大学默塞德分校,University of California, Merced,58,私立大学,加州大学默塞德分校（University of California，Merced），简称UC Merced，位于美国圣华金河谷地区的默塞德县，是世界著名的公立研究型大学系统加利福尼亚大学分校之一，21世纪美国成立的第一所综合研究型大学。加州大学默塞德分校致力于教学、科学研究以及公共服务，继承并延续了加州大学系统的顶尖研究水平和优秀教育品质，肩负着承担先进研究、实现环保与可持续建设、刺激周边地区经济与文化多元化的重大任务。加州大学默塞德分校虽只有十几年建校历史，但自成立以来便凭借加州大学系统的特有优势高速发展。校内拥有5所特色研究所，分别为健康科学研究所、Sierra Nevada研究所、先进太阳能研究所（UC Solar）、社会利益信息技术研究中心（CITRIS）以及水质安全和可持续研究所（UC Water）。除此之外，学校更拥有众多研究中心为研究课题提供设施和资源，并与劳伦斯·利弗摩尔（Lawrence Livermore）国家实验室等机构建立合作研究关系。,https://www.compassedu.hk/univ_408_12
140,布兰迪斯大学,Brandeis University,63,新常春藤,布兰戴斯大学，又称布兰迪斯大学，是美国第一所由犹太人成立、专注于本科教育的非宗派私立研究型大学。该校成立于1948年，位于马萨诸塞州沃尔瑟姆西南角，被誉为“全美最年轻的主要研究院大学”，素有“犹太哈佛”之美誉。布兰戴斯大学虽然保持了相对较小的规模，但在商科、生物化学、社会学或是人文科学等专业和科研方面都在全美名列前茅，本科教育在美国波士顿地区几乎家喻户晓，是麻州一所不断进步的顶尖级大学，为新晋美国顶尖级大学的领军人物。,https://www.compassedu.hk/univ_140_12
149,迈阿密大学,University of Miami,63,大西洋海岸联盟,迈阿密大学，简称UM或UMiami，位于美国佛罗里达州，是一所创办于1925年的私立研究型大学，属于美国大学协会成员，是美国东南地区提供最广泛科研与教学的大学之一。该校校园环境和地理位置优越，校园风景如画、环境极佳，被誉为全美校园环境最优美的大学之一。迈阿密大学共有12个学院，最受学生欢迎的专业主要有：医科、商业、管理学、市场学、通讯、新闻学、生物学、生物医学、视觉表演艺术、社会科学等。该校拥有约2000名全职教学人员，学生与教员的比例约为11:1，采取小班教学。,https://www.compassedu.hk/univ_149_12
158,乔治华盛顿大学,George Washington University,63,私立大学|综合类研究型大学,乔治·华盛顿大学，简称GWU或GW，于1821年建校，以美国开国第一任总统命名，是一所著名的私立研究型综合大学，属于美国大学协会成员、华盛顿都会区大学联合会成员。主校区位于美国首都华盛顿特区市中心，比邻世界银行、国际货币基金组织、国务院，距白宫只有几个街区。学校现有9个学院，两万多名在读学生，是华盛顿特区内规模最大的大学。该校是名声与排名一流的学府，它培育出的学生在美国乃至全球的政治、外交、法律与商业界具有卓越的贡献。,https://www.compassedu.hk/univ_158_12
160,杜兰大学,Tulane University,63,美国大学协会|AACSB认证商学院,杜兰大学，成立于1834年，是美国路易斯安那州新奥尔良市的一所私立研究型大学。该校对学生要求严格，是一所治学严谨，历史悠久，享誉全球的优良学府，其毕业生深受市场欢迎，就业前景光明。杜兰大学提供诸多专业领域的教育和研究，设有11所学院，包括商学院、法学院、文学院、医学院、研究生院、计算机工程学院等。成立于1914年的杜兰大学商学院是全美最早成立的商学院之一，也是1916年全球最权威商学院认证AACSB16位发起成员之一。,https://www.compassedu.hk/univ_160_12
180,密歇根州立大学,Michigan State University,63,公立常春藤|十大联盟|美国大学协会,密歇根州立大学（MSU）成立于1855年，是一所位于美国密歇根州东兰辛市的公立研究型大学，是美国第一所赠地大学。时至今日，密歇根州立大学已是美国最大的大学之一，拥有超过63万生活在世界各地的校友。密歇根州立大学拥有美国国家超导回旋加速器实验室、比尔植物园、艾布拉姆斯天文馆、沃顿艺术表演中心、布罗德艺术博物馆、稀有同位素束流装置以及全美最大的学生宿舍系统。密歇根州立大学不但是以教育和农业和通讯理论闻名，同时也是包装与音乐治疗研究的先锋。该校是美国大学协会的成员，被卡内基教学促进基金会归类为最高的第一级研究型大学。,https://www.compassedu.hk/univ_180_12
305,圣塔克拉拉大学,Santa Clara University,63,综合类研究型大学|私立天主教,圣塔克拉拉大学（简称SCU），是一所位于美国加州圣塔克拉拉的耶稣会私立大学，创设于1851年，是加州持续开校的大学里历史最长的。圣塔克拉拉大学在艺术与科学学院、教育与咨询心理学、商学院、工程学院、耶稣神学院和法学院六个学院提供硕士和博士学位。在全美研究生院校中，圣塔克拉拉大学毕业率高居第四，享誉全国。圣塔克拉拉大学教会学生知识，培养敏锐的洞察力，从而帮助他们完成各自的目标。,https://www.compassedu.hk/univ_305_12
159,伦斯勒理工学院,Rensselaer Polytechnic Institute,70,私立研究型大学,伦斯勒理工学院，简称RPI，是美国东部的私立研究型学院，位于美国纽约州首府奥尔巴尼附近的特洛伊，由哈佛大学毕业生于1824年创办，是美国最早的工科大学，被誉为美国理工科教育的基石。RPI与许多美国著名的公司，如通用电气，通用汽车、朗讯、IBM等有着广泛的联系。该校拉里管理和技术学院提供独特的科学MBA、工学MBA及“科技商业化&创业”的科学硕士学位。尽管RPI规模较小，但RPI以其雄厚的师资，先进的教学设施、理论与实际结合的严谨学风，一直在美国的教育界，学术界和工程技术界享有盛名。,https://www.compassedu.hk/univ_159_12
167,康涅狄格大学,University of Connecticut,70,公立常春藤|美国竞技联盟|Universitas 21,康涅狄格大学是受政府拨赠土地建立的大学，成立于1881年，有超过3万学生在其六个校区中就读，其中包括近8千名研究生。该校是受新英格兰院校协会承认的高等院校，同时也是美国大东联盟和Universitas21协会的成员，被许多研究高等教育的学者誉为“公立常春藤”。该校共有农业与自然资源学院、联合卫生学院、商学院、工程学院、家庭研究学院、美术学院、研究生院、法学院、人文与科学学院、医学院、护理学院、药学院、农学院、社会工作学院等17个学院和研究生院。,https://www.compassedu.hk/univ_167_12
169,匹兹堡大学,University of Pittsburgh,70,美国大学协会|公立常春藤|大西洋海岸联盟,匹兹堡大学（PITT），成立于1787年，是一所公立研究型大学，也是美国历史第十悠久的大学，被誉为“公立常春藤”，属于美国大学协会成员。该校主校区位于宾夕法尼亚州第二大城市匹兹堡，与卡内基梅隆大学隔街相对，地理位置优越。该校是全美学界声望最好的公立大学之一，最负盛名的是医学、生物技术，以及哲学的相关学科领域，其医学院及医学相关专业在全美乃至全球都处于顶尖水平。匹兹堡大学教师校友中有10位获诺贝尔奖，34位获美国国家科学奖章，6位获颁普利策奖，2位获奥斯卡金像奖。,https://www.compassedu.hk/univ_169_12
173,雪城大学,Syracuse University,73,美国大学联盟|私立大学,雪城大学，简称“SU”或“Cuse”，成立于1870年，是一所座位于美国纽约州锡拉丘兹的私立研究型大学。该校有十三所学院，其中许多学科非常有名，例如公众传播、图资科学、建筑、经济、运动科学、公共行政管理、财经、工程科学等，被卡内基高等教育分类指标列为最高的第一级研究型大学。该校校友和教职员包括3位诺贝尔奖得主、1位菲尔兹奖得主、36位奥运奖牌得主、13位普利策奖得主、奥斯卡奖获奖者、2位罗德学者、3位马歇尔学者、众多美国参、众议员和州长、美国第46任总统乔拜登，拥美国政治家和大学校长之摇篮的美誉。,https://www.compassedu.hk/univ_173_12
185,印第安纳大学伯明顿分校,Indiana University-Bloomington,73,公立常春藤|十大联盟|美国大学协会,印第安纳大学伯明顿分校，始建于1820年，是美国印第安纳州的一所公立研究型大学，是印地安纳大学系统中最早成立的学校，也是印地安纳大学系统中最有名气的分校。该校校园环境优美，位居全美最漂亮的五个校园之列，是一个充满活力、文化气息浓厚并具有国际性特征的良好学习场所。该校于1909年加入了美国大学协会、被誉为“公立常春藤”。该校人文社科强势，其在社会学、新闻、商科、法学等学科的专业排名能够跻身美国前十，尤其是化学、传媒、音乐等学科更是进入美国专业前五名。,https://www.compassedu.hk/univ_185_12
198,纽约州立大学宾汉姆顿分校,Binghamton University-SUNY,73,美国一级国家级大学|公立常春藤,宾汉姆顿大学（SUNY-Binghamton）始建于1946年，是美国东北部顶尖的公立大学。该校是纽约州立大学系统四大国家级研究型大学中排名和声望最高的，也是其中唯一入选“公立常春藤”联盟的大学。校园位于宾汉姆顿市，建有现代化的体育设施，学生生活十分丰富。宾汉姆顿大学设有7个学院：护理学院、人文科学学院、社会与公共事务学院、教育学院、管理学院、工程和应用科学学院、研究生学院。宾汉姆顿大学在纽约州历来以经济管理类专业著称，其管理学院举世闻名，工程学院也实力雄厚。,https://www.compassedu.hk/univ_198_12
184,科罗拉多矿业大学,Colorado School of Mines,76,公立大学,科罗拉多矿业大学是一所公立研究型大学，主要致力于工程及应用科学研究，是世界上资源开发、开采及利用方面研究实力最强的机构之一。该校是科罗拉多州第一所公立的高等学府，也是科罗拉多州工科第一校，生源和就业均很好，在科罗拉多州具有极好的声誉。该校开设宽阔的工程学科，主要致力于工程及应用科学研究，是世界上资源开发、开采及利用方面研究实力最强的机构之一。在公立高等教育机构中，科罗拉多矿业大学对地球及其资源管理的特别关注是独一无二的。其学生与教师的素质也十分突出。,https://www.compassedu.hk/univ_184_12
197,斯蒂文斯理工学院,Stevens Institute of Technology,76,美国独立理工大学协会|美国国家一级大学,斯蒂文斯理工学院，成立于1870年，是美国历史最为悠久的理工学院之一，是美国独立理工大学协会成员、美国国家一级大学。学校坐落于新泽西州的霍博肯市，属于纽约大都会区，与纽约曼哈顿岛隔河相望。斯蒂文斯理工学院下设有四大学院：人文学院、工程与科学学院、系统与企业学院、和技术管理学院。学校在微生物、纳米电子技术、无线通信、环境科学以及工程、材料科学和工程、技术治理等领域的教学科研都处于领先地位。,https://www.compassedu.hk/univ_197_12
207,加州大学河滨分校,University of California—Riverside,76,公立常春藤|国际公立大学论坛|环太平洋大学联盟,加州大学河滨分校（UCR或UC Riverside）是美国加利福尼亚州的一所公立研究型大学，同时也是加州大学系统的十大校之一，主校区位于河滨市，另有位于棕榈沙漠的分校区。该校是美国大学协会、环太平洋大学联盟和国际公立大学论坛成员，被誉为公立常春藤，是世界上最具影响力的公立大学系统之一，也是加州大学系统中发展最快的一所大学。该校非常重视科研，拥有加州大学傲人的学术传统。该校拥有全世界顶级的农学系。伯恩斯工程学院在学术界也享有盛誉，其他各系所也拥有良好口碑，全校多个学系的研究成果都已达世界级水平。,https://www.compassedu.hk/univ_207_12
221,纽约州立大学布法罗分校,University at Buffalo—SUNY,76,公立常春藤|美国大学协会,纽约州立大学布法罗分校（UB），成立于1846年，1962年并入纽约州立大学系统，坐落在纽约州第二大城市布法罗，被誉为“公立常春藤”。该校是美国开设课程规模最多的公立旗舰校区之一，是AAU成员，为业界公认的北美65所世界一流研究型大学之一。该校下属的罗斯威尔·帕克研究所是全美第一家癌症治疗与研究中心；工程学院是美国最早开设计算机科学专业的学院之一。基于杰出的研究水平和学术声誉，学校被卡内基基金会归类为特高研究型大学，被评为R1级别博士型大学。,https://www.compassedu.hk/univ_221_12
164,佩珀代因大学,Pepperdine University,80,私立研究型大学|文理学院,佩珀代因大学，成立于1937年，建校以来以严谨求实的学风位居美国一流大学的行列，是一所附属于基督教会的美国私立非营利混合性别教育研究型大学。该校位于加州马里布的校园拥有优美海景，是全美最美丽的大学校园之一。佩珀代因大学实行小班教学，平均22人，最多不超过30人一个班，老师都非常注重课堂参与。该校商学院获得AACSB认证，是美国最具实力的商学院之一，另外，其法学院是佩珀代因大学的核心竞争学科。,https://www.compassedu.hk/univ_164_12
176,克莱姆森大学,Clemson University,80,大西洋海岸联盟|公立大学,undefined,https://www.compassedu.hk/univ_176_12
177,罗格斯大学,Rutgers University-New Brunswick,80,公立常春藤|十大联盟|美国大学协会,罗格斯大学，简称罗大，成立于1766年，是美国新泽西州的最大高等学府，是一所公立研究型大学，名列公立常春藤名校之一。罗格斯大学是美国大学协会成员之一，美国第八古老的高等学府，是美国独立战争前建立的九所殖民地学院之一。截至2024年6月，罗格斯大学共有67620名学生，设有29所学院，300多所科研中心和研究所，开设150余个本科专业及400多门研究生课程。,https://www.compassedu.hk/univ_177_12
240,伊利诺伊大学芝加哥分校,University of Illinois—Chicago,80,公立大学|综合研究型大学,"伊利诺伊大学芝加哥分校，简称UIC，创立于1982年，公立研究型大学，卡内基基金会认证的88所一类美国国家级研究型大学之一，是芝加哥地区规模最大、综合实力最强的公立大学。学校在世界级金融中心芝加哥的心脏地带拥有东、西两个校区，区位优势显著。学校有大约33,000名学生分布在16个学院，其中包括大型医学院，和可观的科研经费。该校一直是美国研究经费排名前50的机构之一，也是美国中西部地区最重要的医学和科研中心之一。",https://www.compassedu.hk/univ_240_12
118,新泽西理工学院,New Jersey Institute of Technology,84,公立综合性大学,新泽西理工学院（NJIT）是一所公立研究型大学，创立于1881年，坐落在纽约大都会区内，距离纽瓦克市中心很近，距离纽约市也只有14.5千米，交通便捷。该校是一所教育，科研，服务和经济发展并重的大学。大学设有92个学位课程，其中包括40个硕士学位和19个博士学位课程。大学98%的全职教师拥有博士学位或本领域内的最高学位。新泽西理工学院有6个学院，主要包括：工程学院、建筑学院、文理学院、管理学院、计算机科学学院等。,https://www.compassedu.hk/univ_118_12
175,伍斯特理工学院,Worcester Polytechnic Institute,86,私立研究型大学|国家一级大学,伍斯特理工学院（WPI），是一所位于美国马萨诸塞州伍斯特市的小型私立大学，于1865年建校，长期以来一直是美国新英格兰地区最好的学校。该校有14个院系，提供超过50种学位项目，包括理科、工程类学科、商科、社科及人文学科，学生可获学士、硕士、及哲学博士学位。作为全美国最早的理工大学之一，伍斯特理工获得了多领域的权威认证，其中包括：工程领域的ABET，化学领域的ACS，计算机科学领域的CASB等。,https://www.compassedu.hk/univ_175_12
188,特拉华大学,University of Delaware,86,公立常春藤,特拉华大学（UD或UDel），始建于1743年，是美国特拉华州的最大的大学。主校区位于纽瓦克，在多佛、威尔明顿、刘易斯和乔治敦有分校区。特拉华大学是一所公立研究型大学，也是公立常春藤大学之一。该校下设七个学院，分别为文理学院，农业与自然资源学院，AlfredLerner商业与经济学院，工程学院，健康科学学院，教育与人类发展学院，地球、海洋和环境学院，设立超过70个研究中心，提供140个学士学位和159个硕博学位。,https://www.compassedu.hk/univ_188_12
192,马凯特大学,Marquette University,86,私立天主教大学|一级国家级大学,马凯特大学，简称MU，位于美国威斯康辛州的密尔沃基，是一座私立男女同校耶稣会教会大学，有着丰富的实验室和研究机构。马凯特大学亦是一所篮球名校，同时，该校还培养了获得奥斯卡奖的电影演员、安永全球首席营运官、美国银行首席执行官等众多社会各界的知名人士。马凯特大学获《美国新闻与世界报道》评为一级国家级大学。多年来，学校一直致力于培养学生坚定的信念，以在职业生涯中、团队里和社会上成为领导者为目标。,https://www.compassedu.hk/univ_192_12
223,霍华德大学,Howard University,86,黑人大学|私立大学,霍华德大学，成立于1867年，为一所座落于美国华盛顿哥伦比亚特区首府的私立研究型大学，属于华盛顿都会区大学联合会成员。霍华德大学为一所历史悠久的黑人大学，被誉为非裔哈佛大学，其授予非裔美国人哲学博士学位的数量为全美第一，同时也是美国科学、技术、工程、数学领域非裔学者的来源地。该校设有财经类、法律、纺织与服装、工程技术、管理、环境、建筑、教育、旅游、农林类、人文艺术、体育、新闻传播、信息科学、医学、语言等专业，以心理学、政治和化学最好。,https://www.compassedu.hk/univ_223_12
162,福特汉姆大学,Fordham University,91,爱国者联盟,福特汉姆大学，是一所位于美国纽约市的私立大学，隶属于天主教耶稣会。该校创立于1841年，是美国东北部最古老的天主教大学之一，也是纽约市唯一一所耶稣会大学，知名度在纽约仅次于哥伦比亚大学和纽约大学。该校是偏重文科的研究型大学，下设十大学院，其中四个为本科学院，六个是研究生学院，其法学、商学、英语、历史学、教育学和社会学均在全美享有极高声誉。金融学、信息学、市场营销学等商科专业更是常年占据全美TOP20。,https://www.compassedu.hk/univ_162_12
172,南卫理公会大学,Southern Methodist University,91,私立研究型大学|国家一类研究型大学之一,南方卫理公会大学（SMU），是一所位于美国第四大都会德克萨斯州达拉斯市的私立研究型大学，在1911年由监理会成立。该校以其极佳的地理位置、优秀的师资力量、优美的校园环境、广阔的社会关系网，以及商学、法学的杰出教学质量而著称于世，在美国南方尤享有极高声誉，被卡内基教学促进基金会归类为“R-2：博士大学-高研究活动”。南方卫理公会大学的优势学科有商科、法律、统计学、计算机、心理学、视觉表演艺术等，设有本科，硕士及博士学位。采取小班授课，师生之间互动多，课堂气氛活跃。,https://www.compassedu.hk/univ_172_12
183,贝勒大学,Baylor University,91,私立研究型大学|浸信会大学,undefined,https://www.compassedu.hk/univ_183_12
190,美利坚大学,American University,91,爱国者联盟,undefined,https://www.compassedu.hk/univ_190_12
267,南佛罗里达大学,University of South Florida,91,综合类研究型大学|公立大学,南佛罗里达大学（简称USF），始建于1956年，是一所位于美国佛罗里达州的公立研究型大学，是佛罗里达州立大学系统的12名成员之一，也是北美大学联盟(AAU)成员。USF被归类为“R1：博士大学-非常高的研究活动”，该校拥有强大的科研实力，是美国研究治疗阿兹海默病、帕金森氏症、亨丁顿舞蹈症等疾病的顶级研究中心之一。作为一所年轻的大学，南佛罗里达大学培养出了大批的领袖和人才，包括谷歌前首席财务官、联邦快递首席副执行官、IBM首席营销官等。该校位于佛罗里达高科技走廊，为学生提供了丰富的实习和就业资源。,https://www.compassedu.hk/univ_267_12
296,罗切斯特理工学院,Rochester Institute of Technology,91,私立大学,罗切斯特理工学院（RIT），于1829年建校，是美国历史上第二古老的私立理工大学，在美国及全球范围享有盛誉。该校历史悠久，以其高质量的本科教育、领先的创新创业教育、与时俱进的企业合作教育为特色。罗切斯特理工学院拥有全美排名前列的工程学院、计算机科学院、艺术学院、商学院等强势学院，以其艺术、设计、计算机、影像科学、工程科学等学科闻名于世，该学院的摄影、工业设计、视觉传达设计、玻璃设计、珠宝/金属设计等多个专业多年来一直被U.S.News评为全美前10的专业。,https://www.compassedu.hk/univ_296_12
115,天普大学,Temple University,98,公立研究型大学|美国一级国家级大学,"天普大学，简称“TU”，是位于美国费城的一所受州政府资助的研究型大学，于1884年创立。天普大学下设17个院系，包括商学院、法学院、医学院、药剂学院、牙医学院、艺术与建筑学院、音乐与舞蹈学院、传媒学院、电影学院、工程学院等，提供134个本科专业、121个硕士专业以及56个博士专业，汇聚了超过39,000名学生，培养了宾州最大的专业从业者群体。天普大学在2024年USNews美国大学排名中，位居第89位；在2024年USNews世界大学排名中，位居世界第309位。",https://www.compassedu.hk/univ_115_12
157,叶史瓦大学,Yeshiva University,98,美国一级国家级大学|美国古老的综合性大学之一,叶史瓦大学，1886年建校，是一所位于美国纽约市的私立犹太教大学，也是一所研究和教学结合的综合性学院，学术能力闻名遐迩。叶史瓦大学学科全面，在纽约市设有四个校区，是一所独具特色，生态系统优良，各类资源丰富的高等教育学府。叶史瓦大学由18个本科和研究生学院组成，学科涉及艺术、科学和犹太文化和思想。该校致力于培养一代意志坚定、能力卓越、既能传承犹太价值观、又能适应时代需求的领导者。,https://www.compassedu.hk/univ_157_12
181,爱荷华大学,University of Iowa,98,公立常春藤|十大联盟|美国大学协会,爱荷华大学，创建于1847年，是一所著名公立综合性研究大学，是爱荷华州立大学系统的旗舰校，也是美国大学协会、十大联盟和公立常青藤成员。卡内基基金会将爱荷华大学归为最高等级的“特高研究型大学”之一。爱荷华大学是一所学科齐全的综合性大学，共设有10个学院和1个研究生院，其写作系、医学院、工程学院、商学院、法学院久负盛名，在空间物理、听力学、言语病理学、写作、心理学、统计学、法学、政治学等众多学科上有着世界一流的科研和教育水平。爱荷华大学是空间科学研究的发源地，被公认为是空间研究领域的世界领导者。,https://www.compassedu.hk/univ_181_12
325,佛罗里达国际大学,Florida International University,98,公立大学|综合类研究型大学,佛罗里达国际大学（缩写FIU），位于佛罗里达州的大迈阿密地区。该校建于1965，是迈阿密第一所公立、四年制大学。该校下设23个学院，涵盖学科200余个，99%的教师拥有博士或其所在领域的最高学位，教学质量优异。该校属于美国国家级大学、卡内基基金会评其为一级研究性大学。FIU最先进的研究设施包括：Wall风之研究和测试设施，这是同类中规模最大，功能最强大的大学研究设施；以及AquariusReefBase，这是世界上唯一的海底研究实验室。,https://www.compassedu.hk/univ_325_12
406,贡萨加大学,Gonzaga University,98,私立大学,贡萨加大学创立于1887年，位于华盛顿斯波坎市的中心地带，坐落在美丽的斯波坎河畔，学校以优美的环境和人文关怀的社区观念著名。贡萨加大学（Gonzaga）是西北太平洋地区以及当地创新技术企业的门户。贡萨加大学强调包括思想、身体和精神在内的全面发展，从而努力将学生培养成为一个兼具好奇心、勇气、信念，并心怀目标、笃行致远的人。学校以学生为中心，提倡小班教学和师生的互动。,https://www.compassedu.hk/univ_406_12
191,奥本大学,Auburn University,105,公立大学|美国一级国家级大学,奥本大学，1856年建校，位于阿拉巴马州的奥本大学城，是该州最大的校园，距美东南最大城市亚特兰大约一个半小时车程。学校设有12个专业学院，覆盖140多个专业，并在许多领域提供该州仅有的公共支持项目，包括农业、林业、建筑、建筑学、药学和兽医学，尤其在文学、数学、商学、教育和工程等学院都有很强的研究项目。该大学被归类为“R1：博士学位授予大学-非常高的研究活动水平”，其校友包括五名罗德学者和五名特鲁曼学者。,https://www.compassedu.hk/univ_191_12
200,圣路易斯大学,Saint Louis University,105,研究型大学,"圣路易斯大学（SLU），始建于1818年，是一所美国百强名校，坐落在密苏里州的第一大都会区圣路易斯市，是密西西比河流域西部最古老的私立耶稣会大学。该校在全美研究型大学中名列前茅，拥有研究疾病、医学和环境等重要国际课题的经验。学校校园是若干研究中心所在地，包括卫生法律研究中心、地震中心、国家航空安全研究中心和可持续发展中心。该校设有近100个本科专业，最好的学科包括：地球物理、气象学，航空学、太空工程和保健科学等。该校为超过12,000名学生提供高品质的教育，是一所诠释学以致用的大学。",https://www.compassedu.hk/univ_200_12
206,德克萨斯基督教大学,Texas Christian University,105,私立大学,"德克萨斯基督教大学（TCU），创立于1873年，是位于德州的一所私立大学。TCU将其大学与研究所的就读学生人数限制在约8,500位学生，以确保所有学生都可以获得个人化的课程与服务。该校提供超过100种以上的大学与研究所课程，包括商业、工程、传播、教育、艺术、音乐、人类学、社会科学、健康、护理、物理科学、神学以及牧场管理。长久以来，其在学科的教学与研究方面都有卓越的声誉，是符合SACS以及许多课程性认可学会资格认可的大学。",https://www.compassedu.hk/univ_206_12
219,伊利诺伊理工学院,Illinois Institute of Technology,105,美国独立理工大学协会,伊利诺伊理工学院（IIT），位于美国伊利诺伊州芝加哥市的综合私立性理工大学，建立于1890年，是美国独立科技大学联盟的成员之一，在诸多研究和学术领域具有享誉世界的声望。校园环境优雅，设施先进，距芝加哥市中心仅3英里，交通极其便利。该校拥有七大学院：阿莫工程学院，建筑学院，计算学院，设计学院，肯特法学院，路易斯文理学院，斯图尔特商学院。其中设计学院与建筑学院继承了德国包豪斯与包豪斯大师路德维希·密斯·凡德罗、莫霍利·纳吉的设计思想以及苛刻严谨的学术态度，作为20世纪全球现代设计主义的中心，培养出了多位知名建筑师与设计师。,https://www.compassedu.hk/univ_219_12
117,乔治梅森大学,George Mason University,109,公立研究型大学|美国一级国家级大学,乔治梅森大学（简称GMU）是一所主校区位于弗吉尼亚州的公立研究型大学，创建于1949年，成立后发展迅速，已有两名教员获得诺贝尔经济学奖。乔治梅森大学是美国著名的国家级大学，也是近十年来在美国迅速崛起的一所大学。该校在诸多学术研究领域内享有世界级声誉，如法学、政治学、公共政策、经济、计算机、工程学等专业。校区所在地经济活跃，有许多知名高科技企业、专业服务机构和政府部门，优越的地理位置使学生有诸多进入世界500强企业实习和工作的机会。,https://www.compassedu.hk/univ_117_12
128,德州大学达拉斯分校,University of Texas-Dallas,109,大学研究协会|公立大学,德州大学达拉斯分校（UTD）成立于1969年，是德州大学系统中近年来最主要扶植的研究型大学之一，也是美国公立大学排名跃升最快的学校之一。UTD提供超过145种课程，8大学院，并设有超过50个研究中心及机构。在多元的教育及综合的课程设计下，UTD让学生能广泛的涉猎多领域的知识。学校知名的领域和学院包括：商学院、太空科技、工程、纳米技术、计算机科学、听力学、语言病理学、神经科学、自然科学、犯罪学、地理与地质科学、游戏设计、公共政策等。,https://www.compassedu.hk/univ_128_12
179,杨百翰大学,Brigham Young University-Provo,109,隶属耶稣基督后期圣徒教会|私立教会大学,杨百翰大学（BYU-Provo）成立于1875年，为耶稣基督后期圣徒教会在美国犹他州普若佛建立的一所大学，是一所美国著名的私立研究型大学，也是美国最大的宗教大学和第三大的私立大学。大学所在地普若佛市被评为美国最安全的城市。杨百翰大学提供包括通识教育、工程学、农学、管理学和法学在内的各种专业，最佳的学科是计算机科学、初级教育、工程、商科(尤其是会计)。该校下设11个学院或学部，专注于198个本科专业、96个硕士专业和30个博士专业。该校受西北学院和大学认证委员会认可，《福布斯》杂志在2024年将其万豪商学院列为全美第24名。,https://www.compassedu.hk/univ_179_12
201,密苏里大学,University of Missouri,109,美国大学协会,密苏里大学（MU），于1839年在密苏里州哥伦比亚市建立，是密西西比河以西第一所州立大学，亦是当前该州最大的高等教育机构，是34所公立美国大学协会大学之一。密苏里大学提供265种以上的学位课程，于1885年建立了美国第一个电子工程学系，并拥有世界上第一所新闻学院。在美国，由于新闻界舆论监督权巨大，所以又有“隐形的第四界”之称，所以，由美国杜鲁门总统创建的公共事务学院（杜鲁门政府与公共事务学院）在全美大名鼎鼎，全州超过三分之一的国会议员和政府职员即毕业于该校。,https://www.compassedu.hk/univ_201_12
214,新罕布什尔大学,University of New Hampshire,109,综合研究型大学|公立大学,新罕布什尔大学是一所位于美国新罕布什尔州达拉谟的公立大学，是北美排名前五十的公立大学之一。该校开设的专业几乎涵盖所有领域，尤其以机械工程、航天工程、海洋工程等工科相关专业见长，其中以EcoLine垃圾发电尤为突出，其“太空科学及工程中心”更是达到全美TOP5的研究级别，吸引了不少学生投考该大学的理工科研究院课程。该校的毕业生为当地经济发展做出了很大的贡献。现在，它已经发展成为一所具有世界声誉的综合性公立大学，是美国新罕布什尔州最大的州立大学。,https://www.compassedu.hk/univ_214_12
216,俄勒冈大学,University of Oregon,109,太平洋十二校联盟|美国大学协会|环太平洋大学联盟,俄勒冈大学（UO），创建于1876年，坐落在俄勒冈州的第二大城市尤金，是一所公立研究型大学，属于美国大学协会和环太平洋大学联盟之成员。俄勒冈大学共有7个学院，提供316个本科和研究生学位课程，教育学院、商学院和新闻传媒学院是该校最著名的三个学院，其中教育学院长期排名美国前10并被列为美国性价比最高的教育学院。该校贡献了3位诺贝尔奖获得者和13位普利策奖获得者，两名研究人员被授予美国国家科学奖章，九名研究人员是美国国家科学院的成员。,https://www.compassedu.hk/univ_216_12
231,旧金山大学,University of San Francisco,109,私立天主教大学,旧金山大学（USF），成立于1855年，是一所私立天主教大学，也是第一所在旧金山成立的大学，是加利福尼亚州第二古老的高等院校和第十古老的天主教大学。该校地理位置优越，被Niche评为美国最佳地理位置大学，是当地公认的私立贵族大学，以商学院及计算机最为出名。该校的商学院被《华尔街日报》评为全球最好的100家商学院之一，其中的企业管理等专业超越斯坦福大学、加州大学洛杉矶分校等顶尖名校排名加州第一。旧金山大学其他热点专业还包括计算机、网络工程、法律、生物、化学、MBA创业方向、护理、体育管理等。,https://www.compassedu.hk/univ_231_12
233,亚利桑那大学,University of Arizona,109,公立常春藤|太平洋十二校联盟|美国大学协会,亚利桑那大学，简称UA，建于1885年，是亚利桑那州的核心公立大学，被誉为“公立常春藤”，是美国大学协会的成员校之一。该校每年从美国国家科学基金会获得接近7亿美元的科研经费，被卡内基教育基金会列为特高研究密集型大学。该校的光学研究中心是美国三大光学中心之一，也是世界上最优秀的光学中心之一；商学院的管理信息系统（MIS）学科与麻省理工学院和卡内基梅隆大学并称为MIS三巨头，在世界范围内享有极高的声誉；该校的附属医院是全州最大的医疗机构；此外，该校还是美国国家航空航天局的重要太空辅助基地。,https://www.compassedu.hk/univ_233_12
246,圣地亚哥州立大学,San Diego State University,109,一级国家级大学|西部山区联盟,圣地亚哥州立大学是位于加利福尼亚州的一所公立大学，始建于1897年，是23所加州州立大学系统的一员，同时也是圣地亚哥地区历史最悠久的大学。该校名列全美公立大学前80名，提供近160个本科专业和辅修科目，近100个研究生学位。该校结合了教学和研究型大学的综合实力，以其严谨认真的教学传统等优势著称。在学术领域上，其国际商务、计算机专业、旅游及酒店管理和心理学等诸多专业在全美名列前茅，多个研究生专业被《美国新闻与世界报道》、《美国最佳研究生》列为美国顶尖专业50位之内。,https://www.compassedu.hk/univ_246_12
111,亚利桑那州立大学,Arizona State University—Tempe,121,帕克十二联盟,亚利桑那州立大学（缩写：ASU）成立于1885年，是一所公立研究型大学。该校由分散在凤凰城大都会区各地的5个校区与在哈瓦苏湖城的1个校区所组成，拥有22个学院，是美国学生最多的大学之一，也是全美最大最佳的五所“大学城”之一。ASU学术力量雄厚，教学一流，被誉为全美州立大学中研究密度最高的大学之一，是全球性跨学科教学和研究的重要中心，该校长年稳居美国研究型大学前列，被卡内基高等院校分类法归类为“高研究活动研究型大学”。,https://www.compassedu.hk/univ_111_12
194,丹佛大学,University of Denver,121,私立大学|一级国家级大学,丹佛大学（DU），建立于1864年，是落基山脉地区最古老、规模最大的私立研究型大学。该校拥有优美的校园环境、深厚的文化底蕴以及严谨的学术氛围，在《卡耐基高等教育机构分类》中被评为R1级，是美国39所获评该级别的私立大学之一。作为一所美国一流的私立大学，该校通过极高的科研投入和小规模的课堂教学确保高水平的教育与学术环境，在一百多年来为全世界培养了大批优秀人才。工程学系、商学类、酒店及餐饮专业管理、国际研究是该校的招牌专业。,https://www.compassedu.hk/univ_194_12
205,爱荷华州立大学,Iowa State University,121,美国大学协会,爱荷华州立大学，简称“ISU”，创建于1858年，是美国爱荷华州的公立大学，学校治安良好、景色优美，学术风格优异，被卡耐基基金会列为最高等级的特高级研究大学。爱荷华州立大学专业广泛，下设8个学院，提供200多种不同的专业，大学由农业和生命学院、商学院、设计学院、工程学院、人类学院、文理学院、兽医学院和研究生学院组成。该校以农业、工程、兽医、建筑、航空航天、生物、物理等专业闻名全美，其设计学院和商学院在全美亦位列前茅。,https://www.compassedu.hk/univ_205_12
222,南卡罗来纳大学,University of South Carolina,121,公立大学|综合类研究型大学,南卡罗来纳大学，简称南卡大学，创立于1801年，是美国历史最悠久的公立大学之一，被卡内基基金会列为全美最优秀的研究型大学之一，拥有世界级的学术研究能力。南卡大学共拥有12所学院，提供超过350门学位课程，包括本科、硕士、博士学位，涵盖多个专业，包括文理学院、工程和计算机学院、穆尔商学院、教育学院、酒店管理、零售和体育管理学院等。尤其是商学学院、公共卫生学院和音乐学院，该校有很高的声誉。商学院的国际商务专业连续17年全美第1，国际MBA连续25年全美排名第3。,https://www.compassedu.hk/univ_222_12
259,中佛罗里达大学,University of Central Florida,121,公立大学|综合类研究型大学,中佛罗里达大学（简称UCF）成立于1963年，是一所坐落在美国佛罗里达奥兰多的太空基金大学。该校是佛罗里达最大的本科教育公立大学，还是排名第二的全美最大的大学、全美三大光学中心之一。该校设有12个学院提供91个本科专业、86个研究生专业和30个博士专业。此外中佛罗里达大学还在多个学位上提供网上课程，加入网上课程的学生与普通课程的学生在政策、程序、学费上享受同样待遇。,https://www.compassedu.hk/univ_259_12
202,克拉克大学,Clark University,132,新英格兰院校协会|美国大学协会,克拉克大学是位于美国马萨诸塞州伍斯特的一所私立大学，它由美国商人克拉克于1887年成立，曾是美国最古老的非本科大学，但现在也提供本科课程。该校以博雅教育为主，是美国大学协会创始成员，同时也是美国新英格兰院校协会成员之一。克拉克大学崇尚小班教学，平均每班上课人数仅为25人，99%以上教师拥有博士或以上学位。该校海因兹·沃纳学院是全美最顶尖的心理学院之一。克拉克管理学院（GSOM）拥有全球商学院首屈一指的AACSB认证，其CPA首次考试通过率常年位于麻省前三。,https://www.compassedu.hk/univ_202_12
215,俄克拉荷马大学,University of Oklahoma,132,美国一级国家级大学|公立研究型大学,俄克拉荷马大学，建于1890年，是一所位于美国中南部俄克拉何马州的公立研究型大学，也是卡内基高等院校分类标准指定的国家最高等级研究型大学。俄克拉荷马大学是一所教学质量优秀而且相对较易申请的大学，其最著名的是石油工程专业，是历史上第一个设立石油地质专业的高等院校。另外，俄克拉荷马大学的法律、建筑、商科、气象学、教育、医科、环境卫生工程也都很有名。该校拥有全球最大的建于大学内的自然历史博物馆，其下属OUMC为全球顶尖医学院之一，在器官移植、神经外科学等领域均处于国际领先地位。,https://www.compassedu.hk/univ_215_12
230,芝加哥洛约拉大学,Loyola University Chicago,132,美国一级国家级大学|私立研究型大学,芝加哥洛约拉大学，成立于1870年，位于美国伊利诺伊州的芝加哥市，是一所美国一流的私立研究型大学，也是美国规模最大的天主教耶稣会大学。该校在芝加哥都会区有6个校区，主校区在密歇根湖畔。此外在意大利罗马也设有一个校区。芝加哥洛约拉大学被视为伊利诺伊州高等教育界的骄傲，是能与芝加哥大学和西北大学并驾齐驱的顶级学府，该校校友遍布全美政界商界，众多世界各国的元首或重要政治人物皆是出自于此。芝加哥洛约拉大学提供超过70个本科专业，并有超过140个研究生、博士级别的项目。,https://www.compassedu.hk/univ_230_12
125,阿拉巴马大学伯明翰分校,University of Alabama-Birmingham,136,公立大学|阿拉巴马大学成员,阿拉巴马大学伯明翰分校（UAB），是一所位于伯明翰的公立大学，历史可追溯至1936年，现为阿拉巴马大学系统的三所盟校之一。学校开设涵盖各学科领域的学士、硕士及博士学位课程，设有11个学院。作为研究型大学，阿拉巴马大学伯明翰分校因在各学科领域，如人文中心、医学中心等，配备一流研究设施而享有盛名。该校的UAB医院是全美一级创伤中心，全美最大的医疗科学学术中心之一属于该学校。此外该大学还是全州最大的雇主，该州大约每33份工作中就有一份直接或间接与该大学有关。,https://www.compassedu.hk/univ_125_12
211,戴顿大学,University of Dayton,136,私立天主教大学|美国一级国家级大学,戴顿大学，简称“UD”，建立于1850年，是一所位于美国俄亥俄州戴顿的私立大学，是全美国最大的十所天主教大学之一。该校提供70种学术课程，是全美国第一所提供人权学士学位的大学。戴顿大学的强势学院包括工程学院、商学院、法学院等，其中以航空航天工程、企业管理等专业为最佳，在美国享有很高的学术声誉。该校校园美丽壮观，曾被评选为全美最著名的校园地标之一。,https://www.compassedu.hk/univ_211_12
235,犹他大学,University of Utah,136,美国大学协会|太平洋十二校联盟,犹他大学，简称U of U或The U，建于1850年，位于美国犹他州的盐湖城市，是一所顶尖的公立研究性大学，是犹他州最古老的高等教育机构及该州第二大公立大学。该校设有86个专业，107个以上研究学科，研究生学院包括S.J.Quinney法学院和医学院，犹他州第一所医学院。作为美国西部最著名且最古老的公立大学之一，该校拥有5位诺贝尔奖、8位麦克阿瑟奖17位美国科学院与工程院院士，是全美科研经费投资TOP50。该校是美国大学协会、太平洋十二校联盟的成员，并被卡内基高等教育机构分类归类为R1:博士大学-非常高的研究活动。,https://www.compassedu.hk/univ_235_12
256,弗吉尼亚州立联邦大学,Virginia Commonwealth University,136,公立大学,"弗吉尼亚州立联邦大学（Virginia Commonwealth University）成立于1838年，位于弗吉尼亚州州府里士满市(Richmond, VA)，是一所国家级公立研究型大学，提供本科、硕士、博士，三种学位类型。该校以其国家级的艺术、社工、医管及医学等相关科系闻名，是弗吉尼亚州内最大的大学之一，目前向30000多名学生提供62个本科学位课程，69个研究生学位课程，31个博士课程，43个证书和职业课程。大学下设16个学院，包括：政府和公共事务学院，大众传媒学院，世界研究学院，应用健康职业学院，艺术学院，商学院，牙医学院，教育学院，工程学院，医学院，护理学院，药学院等。",https://www.compassedu.hk/univ_256_12
119,俄勒冈州立大学,Oregon State University,144,太平洋十二校联盟|国际大学气候联盟,俄勒冈州立大学（OSU），创立于1868年，是美国国会利用国土资助的73所大学中的一个。该校作为全美仅有的两所获得政府赠地同时用于参与海洋、航空、能源计划的大学之一，被誉为“西海岸的MIT”。OSU坐落在美国西海岸的科瓦利斯市，该市景色怡人同时也是美国重要的高科技与金融中心，为学生提供了丰富的实习和就业资源。俄勒冈州立大学师资力量强大，教授中有12名诺贝尔奖获得者，117名美国科学院院士。该校强势专业为政治科学和商科。,https://www.compassedu.hk/univ_119_12
298,休斯敦大学,University of Houston,144,研究型大学|公立大学,休斯敦大学（UH）是美国得克萨斯州一所公立研究型大学，1927年创立，位于休斯敦市区东南方。休大选才多元，且照顾有色人种学生及经济弱势学生，被《美国新闻与世界报道》评为种族最多元化的大学之一。该大学通过其16所学院提供260个学位课程，包括商学、建筑、法律、验光学和药学专业学位课程。卡内基学术基金会将休斯敦大学评为R1：“具有最高研究活动的博士学位授予机构”之一。,https://www.compassedu.hk/univ_298_12
224,密歇根理工大学,Michigan Technological University,148,一级国家级公立大学|公立研究型大学,密歇根理工大学（MTU），成立于1885年，是一所公立理工类研究型大学。该校前身为密歇根矿业学院，创立时主要培养矿业及冶金人才，后来逐渐发展成为培养工程、科学、人文、艺术、商业等高级专业人才的全方位大学，授予学位有学士、硕士、博士，学科领域涵盖各类工程、人文、艺术、社会科学、商业、经济、资讯、森林与环境科学、自然科学等。该校临近加拿大，五大湖之一的苏必利尔湖支流流经校园，景色怡人。,https://www.compassedu.hk/univ_224_12
225,圣托马斯大学,University of St. Thomas,148,公立大学,圣托马斯大学（University of St. Thomas）建于1885年，是一所天主教的文科类区域性综合大学，其高质量的教学和研究水平在美国中西部大学中排名前列，是明尼苏达州最大的私立院校。 学校有着悠久传统的历史，和当地社区联系紧密，可以给学生提供范围广泛的就业机会。圣托马斯大学法学院在多样性方面全美排名第一，可以在攻读婚姻和家庭治疗，体育管理硕士，MBA-会计和国际商务方向的同时获得法律学位(J.D)。 MBA项目也具有自己的特色，致力于为学生提供相关的、实用的、高质量的教育经验，教学融和了课堂模拟、实习、案例分析等等，让学生在学习期间就能融入真实的商业世界。,https://www.compassedu.hk/univ_225_12
236,科罗拉多州立大学,Colorado State University,148,西部山区联盟,科罗拉多州立大学（简称CSU）是一所四年制公立大学，成立于1870年，位于美国科罗拉多州柯林斯堡，地处落基山山麓，风景怡人，学校距离科罗拉多州第一大城市丹佛65里。该校是美国著名的公立大学之一，拥有先进的教学与研究设施以及雄厚的师资力量。该校前身是一所农科学院，农科很好，其农业科学学院在美国处于前沿地位，著名的是兽医学。在大气科学、传染病学、气象学、清洁能源技术和环境科学等领域，该校也居于领先地位。,https://www.compassedu.hk/univ_236_12
321,詹姆斯麦迪逊大学,James Madison University,148,研究性公立大学,詹姆斯麦迪逊大学（简称JMU）是一所位于美国维吉尼亚州的研究型公立大学，创立于1908年。詹姆斯麦迪逊大学一直因其学术而出名。詹姆斯麦迪逊大学已经连续16年被“美国新闻与世界报道”评为美国南部硕士第一名，以及在福布斯大学排名中被评为美国公立学校第22名。詹姆斯麦迪逊大学更被美国“基普林格（Kiplinger）财经杂志”评为全美国性价比最高的公立大学第22名。,https://www.compassedu.hk/univ_321_12
126,辛辛那提大学,University of Cincinnati,152,中西部最好的公立大学,undefined,https://www.compassedu.hk/univ_126_12
212,堪萨斯大学,University of Kansas,152,美国大学协会|一级国家级大学,堪萨斯大学，简称KU，创建于1865年，是一所美国堪萨斯州的公立研究型大学，也是美国大学协会（AAU）的成员校之一。该校设有13个学院、400多个学位专业及证书课程，其中92%拥有该学术领域的最高学历与权威。学校的特殊教育专业排名全美第一，城市规划、临床心理学等专业均在全美十分知名。堪萨斯大学被《美国新闻与世界报道》评为美国前50的公立大学，福特汽车、微软、三星电子、可口可乐等知名企业纷纷选择与KU师生联手开发最先进的技术。,https://www.compassedu.hk/univ_212_12
228,克拉克森大学,Clarkson University,152,国家一级大学|私立大学,克拉克森大学创建于1896年，位于美国纽约州波茨坦，属于国家一级大学，是一所历史悠久的综合性私立大学。克拉克森大学是独立技术大学联合会17个成员中的一位，该联合会是全美最著名的科技大学组织之一。该校囊括课程广泛的高等教育，提供本科到博士学位，以理科见长。该校的主要科研机构有：国家航空和宇宙航行局的分支机构、商业发展研究中心、高级材料研究中心等。,https://www.compassedu.hk/univ_228_12
234,肯塔基大学,University of Kentucky,152,公立研究型大学|一级国家级大学,肯塔基大学，简称UK，创办于1865年，是美国公立研究型大学，位于美国肯塔基州的列克星顿市，是肯塔基州最大的大学，和路易斯维尔大学是肯塔基州内仅有的两所研究型大学。肯塔基大学设有15个学院和一个医学中心，开设约200个专业，其中药剂学院、医护学院、法学院和詹姆斯·马丁国家政策和行政管理学院的研究生教育均在全美名列前茅。,https://www.compassedu.hk/univ_234_12
281,北卡罗来纳大学夏洛特分校,University of North Carolina—Charlotte,152,美国一级国家级大学|北卡罗来纳大学系统|公立大学,北卡罗来纳大学夏洛特分校（UNCC），是一所位于美国北卡罗来纳州夏洛特的公立研究型大学，是当地最著名的学府，科研教学和师资力量雄厚。该校创建于1946年，为北卡罗来纳大学系统的组成机构之一，也是夏洛特及周边地区最大的大学。北卡罗来纳大学夏洛特分校是北卡罗来纳大学系统的16所分校中的第4大分校，该校共设有9个学院，可提供18个博士专业、62个硕士专业和90个本科专业，所有专业均通过国家级鉴定。USNews将UNCC评为第一类国家级大学,https://www.compassedu.hk/univ_281_12
112,德保罗大学,DePaul University,165,美国一级国家级大学|全美顶尖私立大学之一|私立天主教大学,德保罗大学成立于1898年，位于美国芝加哥，是全美规模最大的天主教大学，也是美国伊利诺伊州最大的私立大学。德保罗大学十分注重教育质量，在当地乃至全美都享有盛名。师生比为1:17，93%的本科课程是少于40人的小班教学，为学生创造了更多与教师交流的机会。德保罗大学的人文科学在世界范围内声名卓著，社会科学亦受到高度赞誉。此外，计算机与数字媒体学院是全美规模最大的计算机科学研究生院，不断地为美国各大高科技公司，如微软、摩托罗拉、IBM等输送人才。,https://www.compassedu.hk/univ_112_12
114,薛顿贺尔大学,Seton Hall University,165,私立大学|综合性大学,薛顿贺尔大学，简称“SHU”，建于1856年，是美国历史最为悠久的私立大学之一，也是新泽西州规模最大的私立天主教大学，在新泽西州内排名第三。其斯德尔曼商学院、怀特海德外交与国际关系学院、文理学院以及法学院更是在全美乃至世界范围内享有很高的声誉，因其独有的精英式教育和浓厚的天主教文化而被誉为新泽西州贵族大学。,https://www.compassedu.hk/univ_114_12
122,堪萨斯州立大学,Kansas State University,165,公立大学|一级国家级大学,undefined,https://www.compassedu.hk/univ_122_12
229,迪尤肯大学,Duquesne University,165,美国一级国家级大学|私立天主教大学,迪尤肯大学，建校于1878年，是一所美国知名的四年制私立天主教大学，也是宾夕法尼亚州第一所天主教大学，在全美天主教大学中处于领先地位。杜肯大学位于美国东海岸宾夕法尼亚州的第二大城市匹兹堡的中心地带。该市是宾西法尼亚州的第二大城市，钢铁业发达，有“美国钢铁中心”之称。学校课程包括生物科学、商科会计、大众传播及美术、电脑及自然科学、教育、健康科学及社会科学。药剂学是最好的学科，学生入读最多的学科是商科和大众传播。,https://www.compassedu.hk/univ_229_12
344,西蒙斯大学,Simmons University,165,私立大学|女子学院,西蒙斯大学（Simmons University），建于1899年，位于马萨诸塞州的波士顿市中心。西蒙斯大学拥有知名的女子本科课程和男女同校的研究生课程。该校的本科和研究生课程涵盖护理与保健科学、通识教育和人文科学、商务、通信、社会工作、公共卫生、图书馆和信息科学、计算机科学、数据科学和分析学等领域。该校是国家音乐协会成员之一，受南方学校联合会(SACS)、商学院联合会(ACBSP)认证，是物理疗法认证委员会、健康联合教育认证委员会、国家音乐学院联合会成员之一。,https://www.compassedu.hk/univ_344_12
127,密西西比大学,University of Mississippi,171,公立大学|国家级大学,密西西比大学，成立于1848年，是一所位于美国密西西比州牛津市的公立综合研究型大学，是该州最大的一所大学，也是美国国家级大学。该校连续多年被卡内基基金会列为最高研究活跃度大学（R1序列）。大学下设13个学院，科目分设十分精细，开设专业覆盖工程学、商科、医学、法学、教育学、药学等诸多领域，为学生提供卓越的教育。密西西比大学毕业生与校友包括27位罗德学者、10位美国州长、5位美国参议员、一位外国首脑及一位诺贝尔奖优胜者。,https://www.compassedu.hk/univ_127_12
186,阿拉巴马大学,University of Alabama,171,公立研究型大学,阿拉巴马大学（UAB），成立于1831年，位于美国阿拉巴马州塔斯卡卢萨，是一所公立研究型大学，为世界著名的美国公立大学系统。UAB是科系非常多样化且完整的学术机构，从文学院、商学院、传播学院、教育学院、理工学院、人类环境学院、教育信息学院、社会工作学院、艺术表演学院等一应俱全，而其工程学的本科教育更是美国数一数二的学校。该校有配备齐全的教室，各式符合最新科技水准的研究实验室，校内的硬设备居全区之冠。由于所在地区的关系，阿拉巴马大学与NASA建立合作关系，在航天工程领域取得了许多备受瞩目的研究成果。,https://www.compassedu.hk/univ_186_12
227,美国天主教大学,The Catholic University of America,171,一级国家级大学,美国天主教大学（CUA）成立于1887年，1904年开始提供本科教育，位于华盛顿哥伦比亚特区，是美国天主教会官方大学，全校有九成学生都笃信天主教。该校最好的学科是历史、英文、心理学和宗教，最热门的学科则是政治学和经济学。学生选修最多的学科，分别是社会科学、工科、健康职业、商科、教育、计算机及自然科学、生物科学。CUA曾是美国大学协会的14名创始成员之一，但已在2002年退出会员资格。,https://www.compassedu.hk/univ_227_12
247,夏威夷大学马诺阿分校,University of Hawaii—Manoa,171,环太平洋大学联盟,夏威夷大学马诺阿分校是美国的一所公立大学，成立于1907年，是夏威夷大学系统中的旗舰学校，是环太平洋大学联盟成员。夏威夷大学马诺阿分校现有19个学院，包括建筑学院、地球科学技术学院、人文艺术学院、教育学院、工程学院等。该校共开设了87个本科学位、87个硕士学位和53个博士学位。开设的专业中学生选择最多的是：商业、教育、社会科学和历史学。该校图书馆总藏书量达340万册。,https://www.compassedu.hk/univ_247_12
189,塔尔萨大学,University of Tulsa,179,长老会关联大学|一级国家级大学|橡树岭大学联盟,塔尔萨大学（TU）成立于1894年，是美国的一所私立研究型大学，坐落于美国俄克拉荷马州，曾隶属于长老教会。塔尔萨大学致力于为学生提供良好的学习环境，学校师生比为1:11，平均每班19人。学校除了提供本科、硕士与博士研究生教育以外，还提供顶尖的职业教育，涵盖艺术、人文、自然科学、工程、教育学、商学、法学、护理、应用健康科学等诸多学科领域。该校化学工程、兽医和石油工程处于顶尖地位，是美国起薪最高的学科，其它优势学科还包括金融、会计、心理学、健康科学、地球科学、工程和英语等。,https://www.compassedu.hk/univ_189_12
248,路易斯维尔大学,University of Louisville,179,公立大学,路易斯维尔大学（UofL）是位于肯塔基州的一所公立研究型大学。该大学建立于1798年，当时是美国第一座市立的公共大学，也是第一批建立在美国阿勒格尼山脉西边的大学之一。路易斯维尔大学被肯塔基州议会授权为“杰出都市研究型大学”，并被卡耐基高等教育机构分类指定为“R1”博士学位授予大学：极高度研究型大学。该校提供超过200个学位项目，包括70多个本科专业、78项硕士学位课程、22项博士学位课程，以及其他相关辅修与网络课程，优势专业包括工业工程、听力学、生物科学、化学、护理学等。,https://www.compassedu.hk/univ_248_12
315,韦恩州立大学,Wayne State University,179,公立大学|综合性大学,韦恩州立大学（WSU），位于密歇根州底特律。该校成立于1868年，位于美国汽车制造业中心的底特律市，是美国著名的公立研究型大学（R1）之一。全校有13个学院，350个专业，共有3万多名学生，是美国规模最大的公立学校之一，也是密歇根州三大综合性大学之一。韦恩州立大学在学术教育界享有良好的口碑。,https://www.compassedu.hk/univ_315_12
116,阿肯色大学,University of Arkansas,189,公立大学|研究性大学,"阿肯色大学（简称UofA），是一所位于美国中南部的公立综合性研究型大学，也是整个阿肯色州的旗舰大学，学生逾25,000人。阿肯色大学共有9个学院、56个系，涵盖了自然科学、工程科学、音乐、农学、生命科学、商科、建筑、法律、教育、艺术与人文等多个研究领域。其中，学校在建筑、农学、商科、历史、工业工程、中东研究、食品科学、法律及纳米技术等领域的研究在全美享有盛誉。美国第42任总统克林顿及第67任国务卿希拉里在步入政坛前均执教于该校法学院。",https://www.compassedu.hk/univ_116_12
130,阿德菲大学,Adelphi University,189,私立综合性大学|美国纽约长岛最古老的高等学习机构,undefined,https://www.compassedu.hk/univ_130_12
226,华盛顿州立大学,Washington State University,189,美国一级国家级大学|公立研究型大学,华盛顿州立大学（WSU），成立于1890年，是美国华盛顿州资助办理的一所研究型大学，也是该州的赠地大学。它的主校位于华盛顿州东部的普尔曼，而在斯波坎、埃弗里特、三城和温哥华也设有分校。该校设有：文理、商科经济、工程建筑、农科及家政、教育、药剂、护理和兽医八个学院。学生选修最多的学科，依次是：商科管理、社会科学、工程、大众传播、健康科学，其酒店及饭店管理专业排名美国大学前5名。华盛顿州立大学是美国108所获得卡内基研究基金的大学之一，被评为“高密度研究型大学”。,https://www.compassedu.hk/univ_226_12
113,俄克拉荷马州立大学,Oklahoma State University,196,公立大学|综合研究型大学|大十二联盟,俄克拉荷马州立大学成立于1890年，是一所土地赠与大学。俄克拉荷马州立大学下设农学院、文理学院、商业管理学院、教育学院、工程学院、建筑与技术学院及人类环境科学学院，强势专业为工商行政管理、心理学。该校在美国最权威的高等教育机构评级体系——卡内基高等教育机构分类中，被评为“R1”类别，在俄克拉荷马州的最佳价值和最佳学术方面均排名第一（Niche，2024年）。根据美国国家科学基金会的数据，俄克拉荷马州立大学在2024年的研究与开发支出为16.92亿美元。,https://www.compassedu.hk/univ_113_12
237,霍夫斯特拉大学,Hofstra University,196,美国一级国家级大学|私立研究型大学,霍夫斯特拉大学，成立于1935年，是一所美国一级国家级大学和私立、无宗派的研究型高等教育机构。霍夫斯特拉大学坐落于纽约州长岛市，毗邻美国第一大城市纽约市。该校涵盖约140多种本科专业，150种研究生专业及100多种双学位课程。霍夫斯特拉大学采用小班教学，平均班级人数为22人，师生比例为1:14。学校以美术、戏剧、法律、医学和商科最为突出，新成立的电视学院更因设备齐全新颖而傲视全国，其他值得推荐的学科还有工程、计算机科学和出版研究。,https://www.compassedu.hk/univ_237_12
331,佐治亚州立大学,Georgia State University,196,国家级大学|综合类研究型大学,佐治亚州立大学（简称：GSU）是位于乔治亚州亚特兰大的一间大学，美国著名的综合性公立大学，同时也是美国东南部最主要的研究型高等学府之一。该校创立于1913年，是拥有35间学院和大学的佐治亚大学系统中的第二大之大学。作为具有全美最好的学术价值的大学之一，该校的博士学位教育跻身美国100所最好公立大学排名之列。另外，佐治亚州立大学的学生人数位居全美国大学前10名。,https://www.compassedu.hk/univ_331_12
110,新学院,The New School,200,美国新学院大学|私立大学,新学院，始建于1919年，是一所位于纽约市的美国高等教育机构，也是世界著名的左翼大学。该校历史悠久，其校舍大部分位于格林威治村一带。新学院的主要科系包含社会科学、人文学科、公共政策、美工设计和艺术音乐相关科目。该校以人文社科研究著称，其博士项目参与纽约地区九校博士联合体。此外，新学院也跟智库世界政策研究所维持密切合作关系。新学院大学的知名校友包括前以色列总统佩雷斯、前美国第一夫人罗斯福、社会学家彼得·伯格、作家杰克·凯鲁亚克等。,https://www.compassedu.hk/univ_110_12
345,泽维尔大学,Xavier University,200,高等教育机构|私立大学,泽维尔大学是一所位于美国俄亥俄州辛辛那提的私立天主教大学，成立于1831年，是美国国内第六古老的天主教大学，也是第四古老的耶稣会大学。它最初是男子学院，1969年开始接受女生入学。该校由文理科学院、社会科学学院、卫生与教育学院、威廉姆斯商学院等四所学院组成，主要提供本科课程，研究生专业则主要包括职业治疗、教育、咨询、护理、英语、神学、心理学和商科等。,https://www.compassedu.hk/univ_345_12
135,密西西比州立大学,Mississippi State University,200,美国著名国家级大学|公立研究型大学,密西西比州立大学，成立于1878年，是密西西比州招生人数最多的大学。密西西比州立大学在研究和融入国家领空方面享有盛誉，是美国联邦航空局无人机系统中心的国家领导大学，也是美国联邦航空局的无人机安全研究机构。同时，该大学是少数几所拥有美国国家安全局学术中心证书的大学之一。密西西比州立大学的创业研究计划影响力在世界久负盛名，是美国仅有的2.7%获得卡内基基金会R1级：非常高研究活动称号的大学之一，并且美国国家科学基金会也将密西西比州立大学列为国家TOP100的研究机构。,https://www.compassedu.hk/univ_135_12
137,德克萨斯理工大学,Texas Tech University,200,卡耐基第一级研究类学校,德克萨斯理工大学创建于1923年，坐落在美国德克萨斯州的拉伯克市，是一所综合类公立研究型大学。校园占地1839英亩，是全美最大的校园之一。得克萨斯理工大学设有150个大学本科、100多个硕士学位、68个博士学位教学计划，被美国卡内基高等教育机构分类列为国家级一级研究型大学（R1）。该校是大十二联盟（Big12）高校的成员，学校综合实力雄厚，最好的学科是数学、工程、化学、商科和大众传播。,https://www.compassedu.hk/univ_137_12
133,怀俄明大学,University of Wyoming,200,西部山区联盟,美国怀俄明大学，简称“UWyo”，是位于美国西部怀俄明州拉勒米的一所州立大学，为该州唯一一所提供四年制本科教育以及研究生教育的高等院校。该校基础设施齐全，交通便利，距离丹佛仅约两小时车程，治安排名位于全美前列。学校科研经费充足，专业设置全面，具有颁发从学士学位到博士学位的资质。怀俄明大学拥有精良的学习设施，包括现代化的教学演讲厅和实验室，一个藏书超过75万册的图书馆和一个大型的计算机网络系统。学生可享用室内娱乐中心、游艺室、休息厅、运动场和游泳池。,https://www.compassedu.hk/univ_133_12
250,西弗吉尼亚大学,West Virginia University,200,公立大学,西弗吉尼亚大学（WVU）是位于美国西弗吉尼亚州摩根敦的一所公立研究型大学、赠地大学，创立于1867年。除去主校区外，还在蒙哥马利有理工学院、在凯泽有波多马克学院，在查理斯顿的查理斯顿地区医疗中心有医学及牙医学院。该校是西弗吉尼亚州最具规模的大学，共设有15所学院，以工程学（特别是与能源有关的领域）和保健科学最好。,https://www.compassedu.hk/univ_250_12
245,佛罗里达理工学院,Florida Institute of Technology,200,私立大学|东南部最佳大学,佛罗里达理工学院（FIT）是位于美国佛罗里达州墨尔本的一所理工类私立大学，由美国国家航空航天局专家团队创立于1958年。佛罗里达理工学院拥有浓厚的理工科学研究氛围，以航空科学、工程科学、理科学、心理学和商业科学闻名，是外空间科学、能源动力、电气工程、飞行器、火箭及卫星领域的著名研究中心，可以授予包括24个专业的博士学位在内的180多个学位课程项目。佛罗里达理工学院的课堂设置十分考虑学生的学习效果，注重实际应用，校企结合的企业包括波音、通用、微软、美国航天中心等世界五百强公司。,https://www.compassedu.hk/univ_245_12
266,新墨西哥大学,University of New Mexico,200,西部山区联盟|公立大学,新墨西哥大学（简称UNM）建于1889年，是新墨西哥州的旗舰大学，是该州最大的公立研究型大学，也是中国教育部首批认可推荐的美国百年名校。该校设有101个本科专业、81个硕士专业，及47个博士专业，涵盖各个学科，在拉丁美洲研究、电子工程、人类学、摄影学、生物学、光学、环境生态和医学方面都位列世界强项。UNM拥有雄厚的师资力量，教师队伍中有一位诺贝尔奖获得者，两位麦克阿瑟学者，35位富布赖特学者。普林斯顿评论评选新墨西哥大学为全美最杰出的研究型大学之一。,https://www.compassedu.hk/univ_266_12
312,德州大学阿灵顿分校,The University of Texas at Arlington,200,公立大学|综合类研究型大学|得克萨斯大学成员,德州大学阿灵顿分校（UTA）是一所位于美国德克萨斯州阿灵顿的是一所综合性的集教学、研究和公共服务为一体的大学，是德克萨斯州北部最大的大学。该校提供180多个学士学位，硕士学位和博士学位课程。美国卡内基高等教育委员会将UT阿灵顿分为“R-1：博士大学-最高研究活动”的百所大学之一。“高等教育纪事”将UT阿灵顿命名为全国发展最快的公立研究型大学之一。德州大学阿灵顿分校同时经营位于沃斯堡的沃斯堡教育中心及UTA研究机构。,https://www.compassedu.hk/univ_312_12
249,北达科他大学,University of North Dakota,200,公立大学|州内旗舰,北达科他大学（缩写：UND）是位于美国北达科他州大福克斯的一所公立研究型大学。它创立于1883年，比北达科他州的建立还早六年，为该州最古老的高等教育机构。北达科他大学位于美国中西部的北达科他州和明尼苏达州的交界处格蓝福克。创办于1883年历史悠久，校园占地宽广，约550英亩左右，拥有200多栋以上的校园建筑物，以供专业教学及学术研究之用，航天教育十分著名，为北达科他州内最好的公立大学。,https://www.compassedu.hk/univ_249_12
263,科罗拉多大学丹佛分校,University of Colorado—Denver,200,公立大学|综合类研究型大学,科罗拉多大学丹佛分校（UCD），是一所位于美国科罗拉多州的公立研究型大学，是科罗拉多大学系统下的三所学府之一，是该州最大的研究机构，授予的研究生学位数量也超过州内任何一个学府。丹佛分校拥有两个校区，分别是地处丹佛市中心的奥拉瑞亚校区和邻近城市奥罗拉的安舒茨医学校区。该校下设12个学院，可提供100多种专业课程，在商务、数学、医学、工程、艺术、人文科学、公共管理等领域都处于学术前沿。,https://www.compassedu.hk/univ_263_12
337,波特兰州立大学,Portland State University,200,二级国家级大学|公立大学,波特兰州立大学（PSU）是一所位于美国俄勒冈州第一大城市波特兰的公立研究型大学，成立于1946年，现是俄勒冈州本科及研究生人数最多的大学。该校是俄勒冈州大学体系中规模最大、文化最丰富且唯一位于城市中心的大学。该校在继续教育及实践方面为全国的先驱，其下设9所直属学院，拥有超过150门的各类专业学科；该校学生拥有大量的co-op实习机会，学校与波特兰及周边地区如英特尔等大型企业共同培养研究生人才。,https://www.compassedu.hk/univ_337_12
279,南达科他州立大学,South Dakota State University,200,综合性大学,南达科他州立大学是美国南达科他州的一所公立大学，1881年设立，是一座以土地拨赠法案而设立的大学。南达科他州立大学是一所博士级研究型综合大学，是该州最大的一所大学，两学期制，经由中北部大学协会的认证。学校专业主要涉及工程、农业和生物科学三大领域。此外还有8个学院，即艺术与科学、教育及辅导、家庭和消费者科学、常识和推广、荣誉、护理、药剂业及研究生院，共有200多个专业、6000多门课程可供选择。,https://www.compassedu.hk/univ_279_12
257,博林格林州立大学,Bowling Green State University,200,公立大学,鲍林格林州立大学（简称BGSU）是一所位于美国俄亥俄州鲍林格林的四年制公立大学。学生总人数超过两万人，有3000名研究生。这所大学提供200种大学课程，和各种的硕士学位和博士学位。鲍林格林州立大学（Bowling Green State University），简称“BGSU”，建于1910年，位于俄亥俄州西北部。学校地处市中心，拥有100多栋建筑，占地1338公顷。大学现有全职教师861名，从事教学、科研和咨询工作。主校区现有学生21000名，其中研究生3000余名。85%的学生来自俄亥俄州，还有来自55个国家的国际学生。,https://www.compassedu.hk/univ_257_12
278,北伊利诺伊大学,Northern Illinois University,200,四级国家级大学|公立大学,北伊利诺伊大学，简称NIU，是位于美国伊利诺伊州迪卡尔布的一所公立研究型大学，是该州仅有的两所公立大学之一，于1895年建立，是北伊利诺伊州立师范学校的一部分。该大学由七个学位授予学院组成，许多课程都获得了国家认可，可以满足高标准的学术质量，包括商业，工程，护理，视觉和表演艺术以及所有教师认证课程。该校商学院名列全美商科学校前列位置。《美国新闻与世界报道》新闻杂志将该校列为“国家大学”。,https://www.compassedu.hk/univ_278_12
333,内布拉斯加大学奥马哈分校,University of Nebraska, Omaha,200,公立大学|综合类研究型大学,内布拉斯加大学奥马哈分校，缩写UNO，始建于1908年，位于美国内布拉斯加州的奥马哈，是一所著名的公立研究型大学，内布拉斯加大学的分校，州内第三大高等教育机构。UNO在政府、公共事务与社会服务领域处于全美领先水平，商科与信息服务颇具声望。内布拉斯加大学奥马哈分校是受中北大学联合会认证的大学，其学术质量、职业水平、研究质量、图书馆和其他硬件设施均达到该联合会的严格标准。,https://www.compassedu.hk/univ_333_12
109,路易斯安那州立大学,Louisiana State University-Baton Rouge,,美国一级国家级大学|公立研究型大学,undefined,https://www.compassedu.hk/univ_109_12
121,纽约州立大学阿尔巴尼分校,University at Albany-SUNY,,纽约州立大学系统|公立大学,纽约州立大学阿尔巴尼分校（简称SUNY-Albany）建于1844年，它是纽约州立大学系统的成员学校之一，也是美国最古老的校园之一。该校是美国东北部综合性和实力最强的公立大学之一，被卡内基基金会评为美国一级国家级大学，是纽约州立大学系统四大名校之一。该校在提供优质教育的同时，只收取相对低廉的学费，并提供大量奖学金，性价比极高，在全美公立大学排名中名列前茅，并多次被福布斯提名“美国最具价值大学”榜单。,https://www.compassedu.hk/univ_121_12
123,罗格斯大学纽瓦克分校,Rutgers University-Newark,,罗格斯大学系统成员|公立大学,罗格斯大学纽瓦克分校是一个历史悠久的公立大学，拥有雄厚师资力量，也有精良的学习设施，是新泽西洲盛名的文理学院。该校学习设施包括现代化的教学演讲厅和实验室，一个藏书超过75万册的图书馆和一个大型的计算机网络系统等。学校以会计、历史、经济、政治科学、心理学、数学和化学最好，其他如新闻学、环境科学和传意学，也备受推崇。,https://www.compassedu.hk/univ_123_12
136,马里兰巴尔的摩大学,University of Maryland-Baltimore County,,马里兰大学系统|三级国家级大学,马里兰大学巴尔的摩分校，简称UMB或UMaryland。该校成立于1807年，位于巴尔的摩市区内，距离华盛顿不到一小时车程，距离纽约三小时车程，离利瑞克歌剧院、梅耶浩夫音乐厅只有几步之遥。该校由人文学院、商学院、法学院三个主要学院组成，另有十多个专业教学和研究中心，可授予学士学位、硕士学位、博士学位。学校具有完善的管理体制、严格的教学体系和多样化的教学方式，雄厚的教育和科研实力，使其在教学、科研及公共服务方面都取得了很大的成就。,https://www.compassedu.hk/univ_136_12
141,威廉玛丽学院,William & Mary,,公立常春藤,威廉玛丽学院（W&M）是一所位于美国弗吉尼亚州的著名小型公立大学，创立于1693年，是美国历史第二悠久的大学，是最古老的公立大学，校史仅次于哈佛大学，更是公立常春藤之一。该校拥有美国高等教育历史上的众多第一，是美国历史上第一所学院；美国第一所拥有完整教职员工的大学；美国第一个拥有选课制度的大学；美国第一所从学院成为大学的学校；美国第一个开设现代语言学、当代历史学和法学院的大学，是一所有着“美国母校”之称的顶尖学府，在美国建国以来享有绝对的名望。,https://www.compassedu.hk/univ_141_12
153,宾夕法尼亚州立大学,Pennsylvania State University,,公立常春藤|美国大学协会|国际大学气候联盟|世界大学协会,宾夕法尼亚州立大学（PSU），是位于美国宾夕法尼亚州的一所州立研究型大学，是美国顶尖的公立大学，被誉为公立常春藤之一。截至2024年5月，学校的机构设置上由农业科学学院、艺术与建筑学院和斯密尔商学院等在内的18所学院组成，有教职工约7900人，设有本科专业超过275个，校区20个。该校在工程、气象、地球科学、地理、传播科学、管理学、特殊教育、农学等方面堪称世界顶尖，也是工业工程和英国文学在美国的发祥地。,https://www.compassedu.hk/univ_153_12
171,普渡大学西拉法叶分校,Purdue University,,公立常春藤|十大联盟|美国大学协会,普渡大学西拉法叶分校是一所历史悠久的研究性公立大学，有政府特准的土地、海洋和空间使用权，历来以优良的教学质量和适中的收费标准闻名世界。西拉法叶校区是主校区，位于芝加哥东南部，也就是通常所指的普渡大学。普渡大学西拉法叶分校以优良工学院及农学院闻名全美，在全美的工程师数量中排行第一，而工学院一向保持在全美前十。西拉法叶主校区现有12个学院和400多个实验室，其中工学院和文学院规模最大，共开设200多种授予学位的专业，近6100种课程。,https://www.compassedu.hk/univ_171_12
187,加州大学圣克鲁兹分校,University of California-Santa Cruz,,美国大学协会|公立常春藤|国际公立大学论坛|环太平洋大学联盟,加州大学圣克鲁兹分校（UCSC），是位于加利福尼亚州圣克鲁兹的一所公立赠地研究型大学，一直被票选为全美最美大学校园之一。该校学生有着广泛的学术选择，学校提供多个专业，领域涉及艺术、工程、人文、物理及生物科学、社会科学等。艺术、海洋生物学、心理学、第三世界研究、计算机工程和商科经济学为此学校的热门专业。该校科研能力强，被卡内基高等教育机构分类为“R1：博士大学--研究活动非常活跃的研究型大学”。截至目前，该校已发展成美国大学协会、环太平洋大学联盟、国际公立大学论坛成员，被誉为“公立常春藤”之一。,https://www.compassedu.hk/univ_187_12
196,德雷赛尔大学,Drexel University,,美国一级国家级大学|私立大学,德雷赛尔大学，是美国的一所私立研究型大学，位于宾夕法尼亚州费城，于1891年创办。德雷赛尔大学开设的专业几乎涵盖了所有学术领域，以艺术学院、工学院以及商学院为最优，其工学院被国立科学基金会评为国家模范学院。该校奉行以学习与实习并重的合作教育，在美国的Co-op排名中排名前列。该校有一个完备的合作网络，包括在28个州和25个国家的1600多个企业、政府和非营利性组织的合作伙伴。学生在大二至大四期间，每年都有半年时间参与“带薪实习”。,https://www.compassedu.hk/univ_196_12
203,科罗拉多大学波德分校,University of Colorado—Boulder,,美国大学协会|公立常春藤|帕克十二联盟,科罗拉多大学波德分校，是一所公立研究型大学，是美国大学协会、帕克十二联盟成员，被誉为“公立常春藤”。该校是科罗拉多大学系统的旗舰校，以教学质量高和优秀科研成果著称，教师中四分之三拥有博士学位。该校自然科学专业研究水平在全球名列前茅，物理、化学、地理和心理学等专业实力超群，其中以大气科学和地球科学为最。该校与美国国家标准技术研究院、美国国家海洋和大气管理局、NASA、美国国家科学基金会等科研机构合作密切。自1876年建校以来，该校共孕育出13位诺贝尔奖，9位麦克阿瑟奖，2位普利策奖。,https://www.compassedu.hk/univ_203_12
210,北卡罗来纳州立大学罗利分校,North Carolina State University—Raleigh,,公立常春藤|公立大学,北卡罗来纳州立大学罗利分校于1887年建校，校地为政府所拨赠，位在北卡州首府罗利，与北卡罗来纳大学教堂山分校和杜克大学相邻，在三校之间有世界闻名的科技三角研究园区。北卡州立大学罗利分校学生约3万人，亚裔美籍学生占5%，国际学生占1%。罗利分校设有10个学院，其中以农业与生命科学学院、工学院、设计学院、物理与数学科学院为最杰出。,https://www.compassedu.hk/univ_210_12
213,内布拉斯加大学林肯校区,University of Nebraska—Lincoln,,美国大学协会|十大联盟,undefined,https://www.compassedu.hk/univ_213_12
217,田纳西大学,University of Tennessee,,美国一级国家级大学|东南联盟,田纳西大学，是一所公立研究型大学，成立于1794年，是美国历史最悠久的公立大学之一，属于东南联盟的创始成员院校。该校是田纳西州科研实力最强，学科门类最齐全，学生生活幸福度最好的公立大学，是田纳西州大学系统的旗舰大学。田纳西大学设有170多个专业，其文理专业、核工程专业、供应链管理及物流管理等专业均在全美排名前十。田纳西大学最强的是图书馆系，另外教育类和法律类也榜上有名。招收研究生的学院有法学院、商学院、工学院、文理学院、教育学院等。,https://www.compassedu.hk/univ_217_12
254,南伊利诺伊大学卡本代尔校区,Southern Illinois University—Carbondale,,卡耐基博士研究认证|公立大学,南伊利诺伊大学卡本代尔分校位于美国伊利诺伊州的卡本代尔。学院建立于1869年，是一所以研究、教学闻名国际的综合性的州立大学。校内含有20个研究中心，并获得卡耐基博士研究认证。该校设有农学院，理工学院，农学院，文学院，法学院与商学院，热门专业包括：会计，企管，财务，商业经济，行销及管理。学院最具特色的科系为飞行管理，并拥有自己的机场来从事机师训练。学院被普林斯顿评论评为全美最好，且最有价值的学校之一。,https://www.compassedu.hk/univ_254_12
273,北卡罗来纳大学格林波若分校,University of North Carolina—Greensboro,,北卡罗来纳大学系统,北卡罗来纳大学格林波若分校，简称“UNCG”，是一所位于美国北卡罗来纳州的公立综合性研究型大学。该大学创建于1891年，为北卡罗来纳大学的组成机构。该校尤其以教育质量、独特的研究和热心的教职员著称。学校拥有人文科学、商业经济、教育、健康和人类表现、人类环境科学、音乐、护理等8个学院，拥有将近1700学术科目，近来更以生物、化学、生物化学等科系闻名。,https://www.compassedu.hk/univ_273_12
280,蒙大拿大学,University of Montana,,四级国家级大学|全美二百大|公立大学,undefined,https://www.compassedu.hk/univ_280_12
294,纽约市立大学巴鲁克学院,Bernard M.Baruch College，CUNY,,公立大学,纽约市立大学巴鲁克学院，是一所位于美国纽约市曼哈顿熨斗区的公立大学，也是纽约市立大学（CUNY）的学院成员。巴鲁克学院共设有四个院系：齐克林商学院、魏斯曼人文与科学学院、公共事务学院以及继续与职业教育学院。该校下设的齐克林商学院，是美国最大的商学院之一，提供大学本科学士、硕士、博士学位，其金融工程硕士（MFE）项目，被誉为美国顶尖金工项目之一。该校毗邻华尔街，由于得天独厚的地理优势，其商学院吸引了大批业界的资深教职员工。该校毕业生的就业率很高，很多毕业生都进入了美国顶尖的投资银行、金融公司工作。,https://www.compassedu.hk/univ_294_12
302,本特利大学,Bentley University,,私立大学,本特利大学位于美国马萨诸塞州，是波士顿地区的顶尖商科名校，在新英格兰乃至全美都享有极高的声誉。本特利大学是私立大学，成立于1917年，主要提供商科相关的课程，其商科声誉在大波士顿地区仅次于哈佛商学院和MITSloan商学院，会计学专业更是和麻省理工学院的同类项目并驾齐驱。该校商学院注重培养学生的实际操作与实践能力，与多家大型企业，如苹果，惠普等，合作进行各领域研究。校友广泛服务于美国四大会计师事务所、摩根斯坦利、高盛、美国银行等知名企业。,https://www.compassedu.hk/univ_302_12
303,纽约市立学院,The City College of New York,,公立大学|纽约市立大学成员,纽约市立学院（CCNY），成立于1847年，是纽约市立大学系统中的一所四年制学院，是纽约市立大学系统的创始学校，也是历史最悠久的分校。该校提倡精英教育，为许多家境贫寒但学业出众的学生（特别是新移民）提供免费教育，被称为无产者的哈佛。学院以其悠久教学历史著称，教师队伍的科研活动也闻名全世界，在生物医学工程、化学工程、机械工程、电子工程等领域该校都位居全美前列。纽约市立学院历来培育出不少杰出人才，包括曾担任美国国务卿的鲍威尔，以及美国保险业巨头。,https://www.compassedu.hk/univ_303_12
304,克莱蒙特研究大学,Claremont Graduate University,,克莱蒙特学院联盟|私立大学|研究型大学,克莱蒙特研究大学简称CGU，是一座位于美国加利福尼亚州克莱蒙特市的研究型大学，也是一所专门提供研究生及以上级别课程的私立精英级大学。该校是美国西部最顶尖的文理学院联盟：克莱蒙特学院联盟的7校成员之一。克莱蒙特研究大学是全美少数拥有独立资讯科学学院的学校，更是过去10年来世界上拥有最多资讯科学博士毕业生的大学，专精领域涵盖知识管理、系统开发、电信和网络、人工智能和数据挖掘，该校还是全美唯一提供半职学生的资讯科学学院。,https://www.compassedu.hk/univ_304_12
306,克莱蒙特·麦肯纳学院,Claremont Mckenna College,,克莱蒙特学院联盟|顶级私立文理学院,克莱蒙特·麦肯纳学院，简称CMC，是一家位于美国加利福尼亚州洛杉矶郡克莱蒙特的私立文理学院，是克莱蒙特学院联盟成员。CMC是美国最难录取的文理学院之一，常常低于威廉姆斯学院、杜克大学以及康奈尔大学等美国顶尖学府。克莱蒙特·麦肯纳学院设有几乎所有学科50个专业，另外，CMC的International Place服务机构为国际学生提供各种活动、资源和签证与移民方面的问题援助，为国际学生创造机会与美国学生互动交流、学习不同文化。,https://www.compassedu.hk/univ_306_12
307,加州州立理工大学,California Polytechnic State University,,环太平洋大学联盟|美国大学协会|西部学校和学院协会|大学研究协会,加州州立理工大学（简称CPP）是一所位于加利福尼亚州南部的公立理工大学，是23所大学的加州州立大学系统中的两所工科大学的其中一所。CPP开设有农业、食品环境科学、建筑和环境设计、商业、教育、工程、人文科学学院等，数学学院提供学士和硕士学位课程。该校现为加州州立大学系统中规模第二大的大学，施行半学年制。学校的校训为“从实践中学习”，围绕这一教学理念，该校积极为学生适应当今科技世界的发展做好充分准备。,https://www.compassedu.hk/univ_307_12
308,密苏里科技大学,Missouri University of Science and Technology,,公立大学,undefined,https://www.compassedu.hk/univ_308_12
309,阿拉斯加大学费尔班克斯分校,University of Alaska,Fairbanks,,公立大学,阿拉斯加大学费尔班克斯分校（简称UAF或Alaska）是一所美国阿拉斯加州的公立大学，是阿拉斯加大学系统的旗舰大学。该校成立于1917年，前身为阿拉斯加农学院和矿业学校，1922年正式开始授课。该校主要设有7个研究单位：农业与森林试验站、地球物理所、国际北极研究中心、北极超级计算中心、北极生物研究所、海洋科学研究所、以及北方工程所。阿拉斯加大学费尔班克斯分校得到了国家赠地、赠海、赠空，同时也参与了俄勒冈州立大学的太阳系授权专业的研究工作。,https://www.compassedu.hk/univ_309_12
310,纽约市立大学亨特学院,Hunter College-CUNY,,公立大学,纽约市立大学亨特学院（Hunter College-CUNY），坐落于曼哈顿上东区，是纽约市立大学系统中的一所四年制学院。该校始建于1870，一直致力于提供最优质高效的学习课程，及时更新发展新的现代课程。学院下分有5所次级学院：科学与艺术学院，教育学院，社会工作学院，亨特-贝尔维尤护理学院以及公共卫生学院，提供超过一百七十类大学本科学士及研究生学位。纽约市立亨特大学在妇女教育、社会工作、健康科学以及护理方面一直处于领先地位。,https://www.compassedu.hk/univ_310_12
311,印第安纳-普渡联合大学,Indiana University-Purdue University,Indianapolis,,印第安纳波里斯市中心|州立大学,印第安纳大学与普渡大学印第安纳波利斯联合校区（简称IUPUI），是一所大型公立综合性全国大学，成立于1969年。IUPUI是印第安纳大学和普渡大学共有的校区，但这里的学院和专业区分印第安纳和普渡，如法学、商科、文学、医学等是印第安纳大学的；工程、理科则是普渡大学的。IUPUI向学生提供印第安纳大学和普渡大学的大学本科、研究生和职业学位，是印第安纳大学医学院本部所在的校区。,https://www.compassedu.hk/univ_311_12
314,路易斯安那大学拉法叶分校,University of Louisiana at Lafayette,,公立性研究大学,路易斯安那大学拉法叶分校（缩写为UL Lafayette），地处于Acadiana的心脏地带，毗邻美国最大的州德克萨斯州，是一所著名的公立性研究大学。该大学创建于1898年，本是一所工业学校，路易斯安那大学是路易斯安那大学系统中，校园最大、门类最全、科目最多、实力最强、入学人数最多的一所。路易斯安那大学是美国最早设立计算机硕士的大学之一，电子工程和电脑工程系曾经被国家研究协会评选为路易斯安那州最佳电子工程硕士系。,https://www.compassedu.hk/univ_314_12
329,奥克兰大学（美国）,Oakland University(United States),,环太平洋大学联盟|Universitas 21|世界大学联盟,奥克兰大学（简称Oakland或OU）成立于1957年，是一所位于美国密歇根州的公立研究型大学。奥克兰大学是底特律都会区规模第二大学府，被卡内基高等教育机构列为“R2：高研究活动之博士授予大学”。奥克兰大学提供132个学士学位课程和138个专业研究所证书、硕士学位和博士学位课程，其中包括奥克兰大学威廉博蒙特医学院的课程。,https://www.compassedu.hk/univ_329_12
332,威斯康星大学密尔沃基分校,University of Wisconsin-Milwaukee,,公立大学|综合类研究型大学,"威斯康星大学密尔沃基分校（UWM, UW-Milwaukee），是美国威斯康星大学体系中两所可授予博士学位的综合研究型大学之一。该校始建于1885年，是位于美国威斯康星州的文化和经济中心密尔沃基市的一所世界知名大学，也是美国125所“一级研究型大学”之一。威斯康星大学密尔沃基分校是美国大学先锋排行榜的100所大学之一，在普林斯顿评论中被评为最好中西部大学之一。",https://www.compassedu.hk/univ_332_12
338,克利夫兰州立大学,Cleveland State University,,综合性科研大学|公立大学,克利夫兰州立大学（CSU）位于美国俄亥俄州东北部的克里夫兰市，是一所公立的综合性科研大学，是州政府补助大学。该校成立于1964年，现有五个本科学院和两个研究生院：文理、商务、教育、工程、市政、研究生院及法学院。学校提供200多个课程，城市规划课程位列全国第二。克利夫兰州立大学的校园坐落在市中心，交通便利。校园面积85英亩，可作为教学、研究、住宿和娱乐使用。,https://www.compassedu.hk/univ_338_12
339,纽约市立大学刑事学院,City University of New York, John Jay College of Criminal Justice,,公立大学|司法学院|纽约市立大学系统,纽约市立大学刑事学院（CUNY-John Jay College of Criminal Justice）始建于1964年，是美国纽约市立大学下属的一所公立学院，位于美国纽约州地区纽约市。自建立以来，学院一直致力于提供最优质的司法学习课程，也一直跟上时代的脉搏，及时更新发展新的现代课程。学院主要开设刑事司法专业，同时开设有奖学金项目，以帮助学生顺利完成学业。,https://www.compassedu.hk/univ_339_12
405,洛约拉玛丽蒙特大学,Loyola Marymount University,,公立大学,undefined,https://www.compassedu.hk/univ_405_12
407,伊隆大学,Elon University,,私立大学,依隆大学（Elon University）是一所充满活力的私营综合性大学，以其优秀的艺术与科学学院和专业课程而闻名，学校位于北卡罗来纳州皮埃蒙特地区，由基督教会（现为美国基督教会）创立于1889年，学校坐落于一个美丽的历史悠久的占地575英亩的校园内。因为建学院的土地上到处都是橡树，依隆大学的创始人选择了希伯来语中的“橡树”这个词“依隆”来为学校命名。依隆大学以其风景秀丽的校园而著称全美。大学毗邻北卡罗来纳州首付罗利（Raleigh），“东部硅谷”北卡三角科技园（RTP），距离格林斯伯勒市（Greensboro）有30分钟车程。学校的本科生规模仅6000余人，每个年级1500人左右。提供超过60个不同专业，涵盖商科、工程、理科、人文社科、艺术等各个主要领域，同时还有很多极具特色的跨学科专业。,https://www.compassedu.hk/univ_407_12
3002,加利福尼亚大学洛杉矶分校,California State University, Los Angeles,,,加利福尼亚大学洛杉矶分校（University of California，Los Angeles），简称UCLA，是位于美国洛杉矶的公立综合性研究型大学，是环太平洋大学联盟和国际公立大学论坛成员，被誉为“公立常春藤”。2021年，该校入选了英国政府“高潜力人才签证计划”。,https://www.compassedu.hk/univ_3002_12
3007,印第安纳大学伯明顿分校,Indiana University Bloomington,,,印第安纳大学伯明顿分校（Indiana University Bloomington），始建于1820年，是美国印第安纳州的一所公立研究型大学。该校于1909年加入了美国大学协会（AAU）、被誉为“公立常春藤”，且为美国中西部体育联盟十大联盟（Big 10）之成员。印第安纳大学伯明顿分校的校友包括爱尔兰共和国总统迈克尔·希金斯，诺贝尔经济学奖得主埃莉诺·奥斯特罗姆，诺贝尔生理学或医学奖得主，‘DNA之父‘詹姆斯·杜威·沃森，维基百科创始人吉米·威尔士，NBA达拉斯独行侠队拥有者马克·库班，思科公司总裁兼首席执行官约翰·钱伯斯，畅销书《饥饿游戏》的作者苏珊·柯林斯 [1-7] [9-10] [16] [18]。其Kelley商学院在2016年彭博新闻社的本科商学院排名中位列全美第4位，公立学校中全美第一。,https://www.compassedu.hk/univ_3007_12
